'CVE-2019-11282','https://github.com/cloudfoundry/uaa','157febfdebfd63708233b492f3271ceb1bd1eafc',['-'],['Java', 'JavaScript', 'CSS', 'HTML', 'Go', 'SCSS', 'Shell', 'Dockerfile', 'Ruby', 'Makefile', 'Vim Snippet'],1
'CVE-2018-1259','https://github.com/SvenEwald/xmlbeam','f8e943f44961c14cf1316deb56280f7878702ee1',['-'],['Java', 'CSS', 'HTML', 'Shell'],1
'CVE-2017-3159','https://github.com/apache/camel','20e26226107f3133c87d0f5c845e02f824823f69',['-'],['Java', 'XSLT', 'Groovy', 'HTML', 'JavaScript', 'Kotlin', 'Shell', 'Elm', 'RobotFramework', 'FreeMarker', 'Thrift', 'Apex', 'Dockerfile', 'CSS', 'Tcl', 'Batchfile', 'Jsonnet', 'XQuery', 'Mustache', 'Ruby'],1
'CVE-2017-3159','https://github.com/apache/camel','6b979d07fd4be6ac913368f2abeae690d3325d37',['-'],['Java', 'XSLT', 'Groovy', 'HTML', 'JavaScript', 'Kotlin', 'Shell', 'Elm', 'RobotFramework', 'FreeMarker', 'Thrift', 'Apex', 'Dockerfile', 'CSS', 'Tcl', 'Batchfile', 'Jsonnet', 'XQuery', 'Mustache', 'Ruby'],1
'CVE-2017-3159','https://github.com/apache/camel','dcb5a74a3987d2264ad195c7844bbb6c81216610',['-'],['Java', 'XSLT', 'Groovy', 'HTML', 'JavaScript', 'Kotlin', 'Shell', 'Elm', 'RobotFramework', 'FreeMarker', 'Thrift', 'Apex', 'Dockerfile', 'CSS', 'Tcl', 'Batchfile', 'Jsonnet', 'XQuery', 'Mustache', 'Ruby'],1
'CVE-2017-15719','https://github.com/sebfz1/wicket-jquery-ui','3e8cfdcb0f8e6e0cf0da01e74501afb5c9bff0f',['-'],['Java', 'HTML', 'CSS', 'JavaScript'],1
'CVE-2017-15719','https://github.com/sebfz1/wicket-jquery-ui','6f33727a1b4aa27d58d672a96154d9061db43fa',['-'],['Java', 'HTML', 'CSS', 'JavaScript'],1
'CVE-2017-15719','https://github.com/sebfz1/wicket-jquery-ui','fa0ce80f8e92c28c801773ed7c28621ae98e872',['-'],['Java', 'HTML', 'CSS', 'JavaScript'],1
'CVE-2020-5289','https://github.com/yahoo/elide','7239e47eca00226550300e5e67cdabbf12145ef0',['-'],['Java', 'ANTLR'],1
'CVE-2016-5641','https://github.com/swagger-api/swagger-codegen','c5724a46d6cbbed03d292a361b3a0d07d1a64dae',['-'],['Mustache', 'Java', 'Shell', 'TypeScript', 'Batchfile', 'Apex', 'C#', 'Ruby', 'Scala', 'ActionScript', 'PHP', 'HTML', 'JavaScript', 'CSS', 'Dockerfile', 'Perl', 'PowerShell', 'Rust'],1
'CVE-2016-5641','https://github.com/swagger-api/swagger-codegen','cee45bc9aa0296b35170cb10b5132491c5dbdc88',['-'],['Mustache', 'Java', 'Shell', 'TypeScript', 'Batchfile', 'Apex', 'C#', 'Ruby', 'Scala', 'ActionScript', 'PHP', 'HTML', 'JavaScript', 'CSS', 'Dockerfile', 'Perl', 'PowerShell', 'Rust'],1
'CVE-2016-5641','https://github.com/swagger-api/swagger-codegen','07a852fe78ae71261f617200459e2cdf6529068f',['-'],['Mustache', 'Java', 'Shell', 'TypeScript', 'Batchfile', 'Apex', 'C#', 'Ruby', 'Scala', 'ActionScript', 'PHP', 'HTML', 'JavaScript', 'CSS', 'Dockerfile', 'Perl', 'PowerShell', 'Rust'],1
'CVE-2016-5641','https://github.com/swagger-api/swagger-codegen','90857e898884238d61dbfbd3ede5c7cc57de483f',['-'],['Mustache', 'Java', 'Shell', 'TypeScript', 'Batchfile', 'Apex', 'C#', 'Ruby', 'Scala', 'ActionScript', 'PHP', 'HTML', 'JavaScript', 'CSS', 'Dockerfile', 'Perl', 'PowerShell', 'Rust'],1
'CVE-2016-5641','https://github.com/swagger-api/swagger-codegen','9ee10e23977b39f4ad21445316f07271b01e02f1',['-'],['Mustache', 'Java', 'Shell', 'TypeScript', 'Batchfile', 'Apex', 'C#', 'Ruby', 'Scala', 'ActionScript', 'PHP', 'HTML', 'JavaScript', 'CSS', 'Dockerfile', 'Perl', 'PowerShell', 'Rust'],1
'CVE-2016-5641','https://github.com/swagger-api/swagger-codegen','a71c0726099daf8e7b5fe8ed1cef1ec2e03b57c7',['-'],['Mustache', 'Java', 'Shell', 'TypeScript', 'Batchfile', 'Apex', 'C#', 'Ruby', 'Scala', 'ActionScript', 'PHP', 'HTML', 'JavaScript', 'CSS', 'Dockerfile', 'Perl', 'PowerShell', 'Rust'],1
'CVE-2016-5641','https://github.com/swagger-api/swagger-codegen','cb53ea114ace2e0346a96c00d9403b990a6d4f5f',['-'],['Mustache', 'Java', 'Shell', 'TypeScript', 'Batchfile', 'Apex', 'C#', 'Ruby', 'Scala', 'ActionScript', 'PHP', 'HTML', 'JavaScript', 'CSS', 'Dockerfile', 'Perl', 'PowerShell', 'Rust'],1
'CVE-2016-5641','https://github.com/swagger-api/swagger-codegen','37e1de6d725bf5c3b9c7464f6ddc4a097513a112',['-'],['Mustache', 'Java', 'Shell', 'TypeScript', 'Batchfile', 'Apex', 'C#', 'Ruby', 'Scala', 'ActionScript', 'PHP', 'HTML', 'JavaScript', 'CSS', 'Dockerfile', 'Perl', 'PowerShell', 'Rust'],1
'CVE-2016-5641','https://github.com/swagger-api/swagger-codegen','56b2b4f2ebecf788fb30d385b3a91e8e1a72296d',['-'],['Mustache', 'Java', 'Shell', 'TypeScript', 'Batchfile', 'Apex', 'C#', 'Ruby', 'Scala', 'ActionScript', 'PHP', 'HTML', 'JavaScript', 'CSS', 'Dockerfile', 'Perl', 'PowerShell', 'Rust'],1
'CVE-2014-1972','http://git-wip-us.apache.org/repos/asf/tapestry-5.git.git','95846b173d83c2eb42db75dae3e7d5e13a633946',['-'],['documentation_url', 'message'],1
'CVE-2018-1274','https://github.com/spring-projects/spring-data-commons','371f6590c509c72f8e600f3d05e110941607fba',['-'],['Java', 'Kotlin'],1
'CVE-2019-17513','https://github.com/ratpack/ratpack','efb910d38a96494256f36675ef0e5061097dd77d',['-'],['Java', 'Groovy', 'SCSS', 'JavaScript', 'HTML', 'Shell', 'CSS', 'Handlebars'],1
'CVE-2020-9483','https://github.com/apache/skywalking','4ce2e9e87398efcee4b646af1143f4dc2ae10dc7',['-'],['Java', 'Shell', 'Python', 'FreeMarker', 'ANTLR', 'Kotlin', 'Batchfile', 'Scala', 'Makefile', 'Thrift', 'TypeScript', 'JavaScript', 'Go', 'PHP'],1
'CVE-2014-1904','https://github.com/spring-projects/spring-framework.git','741b4b229ae032bd17175b46f98673ce0bd2d485',['-'],['Java', 'Kotlin', 'Groovy', 'AspectJ', 'FreeMarker', 'CSS', 'GAP', 'Shell', 'XSLT', 'HTML', 'Ruby', 'JavaScript', 'Smarty', 'PLpgSQL', 'Python', 'Dockerfile'],1
'CVE-2014-1904','https://github.com/spring-projects/spring-framework.git','75e08695a04980dbceae6789364717e9d8764d58',['-'],['Java', 'Kotlin', 'Groovy', 'AspectJ', 'FreeMarker', 'CSS', 'GAP', 'Shell', 'XSLT', 'HTML', 'Ruby', 'JavaScript', 'Smarty', 'PLpgSQL', 'Python', 'Dockerfile'],1
'CVE-2020-10714','https://github.com/wildfly-security/wildfly-elytron','34e897b69b2dca907bba3357af5c20a29a9c4f9e',['-'],['Java', 'Shell'],1
'CVE-2020-25023','https://github.com/rweather/noise-java','18e86b6f8bea7326934109aa9ffa705ebf4bde90',['-'],['Java', 'Shell'],1
'CVE-2019-3795','https://github.com/spring-projects/spring-security','1304c958bf9c38940082f3ad1558d413ed82f2b',['-'],['Java', 'Kotlin', 'Groovy', 'AspectJ', 'PLSQL', 'XSLT', 'Shell', 'HTML', 'Python', 'JavaScript'],1
'CVE-2014-0225','https://github.com/spring-projects/spring-framework.git','8e096aeef55287dc829484996c9330cf755891a1',['-'],['Java', 'Kotlin', 'Groovy', 'AspectJ', 'FreeMarker', 'CSS', 'GAP', 'Shell', 'XSLT', 'HTML', 'Ruby', 'JavaScript', 'Smarty', 'PLpgSQL', 'Python', 'Dockerfile'],1
'CVE-2014-0225','https://github.com/spring-projects/spring-framework.git','c6503ebbf7c9e21ff022c58706dbac5417b2b5eb',['-'],['Java', 'Kotlin', 'Groovy', 'AspectJ', 'FreeMarker', 'CSS', 'GAP', 'Shell', 'XSLT', 'HTML', 'Ruby', 'JavaScript', 'Smarty', 'PLpgSQL', 'Python', 'Dockerfile'],1
'CVE-2018-8017','https://github.com/apache/tika','62926cae31a02d4f23d21148435804b96c543cc',['-'],['Java', 'Rich Text Format', 'HTML', 'Python', 'Shell', 'MATLAB', 'Groovy', 'JavaScript', 'SAS', 'Batchfile', 'CSS', 'TeX', 'XSLT', 'C++', 'C'],1
'CVE-2016-7043','https://github.com/kiegroup/droolsjbpm-integration','652be539fa8a1d66d47212758ca9b75799a1cb34',['-'],['Java', 'JavaScript', 'HTML', 'FreeMarker', 'VBA', 'Batchfile', 'Shell', 'XSLT', 'CSS', 'ASL'],1
'CVE-2018-11768','https://github.com/apache/hadoop','eeeea1d75d69d4619955e6b5ab5a7db18ee252b',['-'],['Java', 'C++', 'C', 'JavaScript', 'Shell', 'HTML', 'Handlebars', 'CMake', 'CSS', 'Batchfile', 'SCSS', 'TeX', 'XSLT', 'TSQL', 'TLA', 'Python', 'Dockerfile'],1
'CVE-2018-11768','https://github.com/apache/hadoop','96cedb87b94c07c11152580bf36978186d622b5',['-'],['Java', 'C++', 'C', 'JavaScript', 'Shell', 'HTML', 'Handlebars', 'CMake', 'CSS', 'Batchfile', 'SCSS', 'TeX', 'XSLT', 'TSQL', 'TLA', 'Python', 'Dockerfile'],1
'CVE-2018-11768','https://github.com/apache/hadoop','a868fb1c8fab1be927654b453b2eb9d98cb3066',['-'],['Java', 'C++', 'C', 'JavaScript', 'Shell', 'HTML', 'Handlebars', 'CMake', 'CSS', 'Batchfile', 'SCSS', 'TeX', 'XSLT', 'TSQL', 'TLA', 'Python', 'Dockerfile'],1
'CVE-2020-9488','https://github.com/apache/logging-log4j2','6851b5',['-'],['Java', 'Shell', 'Batchfile', 'Dockerfile', 'JavaScript', 'Groovy'],1
'CVE-2020-9488','https://github.com/apache/logging-log4j2','fb91a3',['-'],['Java', 'Shell', 'Batchfile', 'Dockerfile', 'JavaScript', 'Groovy'],1
'CVE-2019-9514','https://github.com/netty/netty','cecb46a3dd1737cef38ae49ad5f57ac7a1b2faaa',['-'],['Java', 'C', 'HTML', 'JavaScript', 'Shell', 'Makefile', 'Groovy', 'CSS'],1
'CVE-2017-7658','https://github.com/eclipse/jetty.project','a285deea42fcab60d9edcf994e458c238a348b55',['-'],['Java', 'JavaScript', 'AMPL', 'HTML', 'Shell', 'Groovy', 'CSS', 'XSLT'],1
'CVE-2013-2035','https://github.com/fusesource/hawtjni.git','92c266170ce98edc200c656bd034a237098b8aa5',['-'],['Java', 'C', 'M4', 'CSS', 'Scala', 'Pug', 'C++', 'Shell', 'Objective-C', 'Makefile'],1
'CVE-2014-0116','https://github.com/apache/struts.git','74e26830d2849a84729b33497f729e0f033dc147',['-'],['Java', 'HTML', 'FreeMarker', 'JavaScript', 'CSS', 'XSLT'],1
'CVE-2020-11002','https://github.com/dropwizard/dropwizard','74e211514db951a67b0e9ff75b0102704d4b204',['-'],['Java', 'Shell', 'FreeMarker', 'Mustache', 'HTML'],1
'CVE-2020-11002','https://github.com/dropwizard/dropwizard','d5a512f7abf965275f2a6b913ac4fe778e42424',['-'],['Java', 'Shell', 'FreeMarker', 'Mustache', 'HTML'],1
'CVE-2016-3084','https://github.com/cloudfoundry/uaa','14350228989e2aee900b8d48a848293bb5152b6f',['-'],['Java', 'JavaScript', 'CSS', 'HTML', 'Go', 'SCSS', 'Shell', 'Dockerfile', 'Ruby', 'Makefile', 'Vim Snippet'],1
'CVE-2016-3084','https://github.com/cloudfoundry/uaa','460627ed419e4227b10ff121248b3ffc009011a9',['-'],['Java', 'JavaScript', 'CSS', 'HTML', 'Go', 'SCSS', 'Shell', 'Dockerfile', 'Ruby', 'Makefile', 'Vim Snippet'],1
'CVE-2016-3084','https://github.com/cloudfoundry/uaa','66132926f1bac0b878da5841be2f93fa5075d88f',['-'],['Java', 'JavaScript', 'CSS', 'HTML', 'Go', 'SCSS', 'Shell', 'Dockerfile', 'Ruby', 'Makefile', 'Vim Snippet'],1
'CVE-2016-3084','https://github.com/cloudfoundry/uaa','b3834364ab573e9655348193780a56a602fe87b7',['-'],['Java', 'JavaScript', 'CSS', 'HTML', 'Go', 'SCSS', 'Shell', 'Dockerfile', 'Ruby', 'Makefile', 'Vim Snippet'],1
'CVE-2014-3576','https://github.com/apache/activemq.git','00921f22ff9a8792d7663ef8fadd4823402a6324',['-'],['Java', 'JavaScript', 'HTML', 'Shell', 'CSS', 'C#', 'Batchfile', 'C++', 'Python', 'Ruby', 'Perl', 'PHP'],1
'CVE-2019-10071','https://gitbox.apache.org/repos/asf/tapestry-5','cdcf49c0a2b36ffc7a004d54405bb4357870c4b2',['-'],['documentation_url', 'message'],1
'CVE-2018-17192','https://github.com/apache/nifi','dbf259508c2b8e176d8cb837177aaadbf44f0670',['-'],['Java', 'JavaScript', 'Groovy', 'HTML', 'CSS', 'Shell', 'Handlebars', 'GAP', 'Ruby', 'Python', 'Batchfile', 'Dockerfile', 'XSLT', 'Clojure', 'Lua', 'C++'],1
'CVE-2016-9177','https://github.com/perwendel/spark','efcb46c710e3f56805b9257a63d1306882f4faf9',['-'],['Java', 'JavaScript', 'HTML', 'CSS', 'FreeMarker'],1
'CVE-2010-1244','https://github.com/apache/activemq','1f464b9412e1b1c08d40c8ffac40edd52731da48',['-'],['Java', 'JavaScript', 'HTML', 'Shell', 'CSS', 'C#', 'Batchfile', 'C++', 'Python', 'Ruby', 'Perl', 'PHP'],1
'CVE-2018-12541','https://github.com/eclipse-vertx/vert.x','269a583330695d1418a4f5578f7169350b2e1332',['-'],['Java', 'HTML'],1
'CVE-2015-1831','https://github.com/apache/struts','d832747d647df343ed07a58b1b5e540a05a4d51b',['-'],['Java', 'HTML', 'FreeMarker', 'JavaScript', 'CSS', 'XSLT'],1
'CVE-2019-17554','https://github.com/apache/olingo-odata4','5948974ad28271818e2afe747c71cde56a7f2c63',['-'],['Java', 'Groovy', 'XSLT', 'CSS', 'HTML'],1
'CVE-2016-0812','https://android.googlesource.com/platform/frameworks/base.git','84669ca8de55d38073a0dcb01074233b0a417541',['-'],['Java'],1
'CVE-2019-16771','https://github.com/line/armeria','b597f7a865a527a84ee3d6937075cfbb4470ed20',['-'],['Java', 'TypeScript', 'Thrift', 'Scala', 'Less', 'Kotlin', 'JavaScript', 'CSS', 'Shell', 'HTML'],1
'CVE-2018-11771','https://github.com/apache/commons-compress','a41ce6892cb0590b2e658704434ac0dbcb6834c8',['-'],['Java', 'HTML', 'Shell'],1
'CVE-2018-11799','https://github.com/apache/oozie','d50df341432df1049c6c85bf2dcda9eb0be04d73',['-'],['Java', 'JavaScript', 'Shell', 'CSS', 'HTML', 'Python'],1
'CVE-2019-13990','https://github.com/quartz-scheduler/quartz','a1395ba118df306c7fe67c24fb0c9a95a4473140',['-'],['Java', 'Batchfile', 'Shell', 'HTML', 'TSQL'],1
'CVE-2015-1836','https://gitbox.apache.org/repos/asf/hbase.git','942e09b71eef5bd9fdb1c8711125c4bc1193bcdc',['-'],['documentation_url', 'message'],1
'CVE-2018-11040','https://github.com/spring-projects/spring-framework','874859493bbda59739c38c7e52eb3625f247b93',['-'],['Java', 'Kotlin', 'Groovy', 'AspectJ', 'FreeMarker', 'CSS', 'GAP', 'Shell', 'XSLT', 'HTML', 'Ruby', 'JavaScript', 'Smarty', 'PLpgSQL', 'Python', 'Dockerfile'],1
'CVE-2020-9489','https://github.com/apache/tika','333d9906153f0a5e69883e78bc5a780da6bf8df0',['-'],['Java', 'Rich Text Format', 'HTML', 'Python', 'Shell', 'MATLAB', 'Groovy', 'JavaScript', 'SAS', 'Batchfile', 'CSS', 'TeX', 'XSLT', 'C++', 'C'],1
'CVE-2020-9489','https://github.com/apache/tika','57193f5191368311e0334766e366f6f77b4d15a8',['-'],['Java', 'Rich Text Format', 'HTML', 'Python', 'Shell', 'MATLAB', 'Groovy', 'JavaScript', 'SAS', 'Batchfile', 'CSS', 'TeX', 'XSLT', 'C++', 'C'],1
'CVE-2020-9489','https://github.com/apache/tika','8e2eb05292bc35503a3d82a908c426854e23ac83',['-'],['Java', 'Rich Text Format', 'HTML', 'Python', 'Shell', 'MATLAB', 'Groovy', 'JavaScript', 'SAS', 'Batchfile', 'CSS', 'TeX', 'XSLT', 'C++', 'C'],1
'CVE-2020-9489','https://github.com/apache/tika','f7f1be6ae18bc5a48701dc47d1378ceb8d7bbc67',['-'],['Java', 'Rich Text Format', 'HTML', 'Python', 'Shell', 'MATLAB', 'Groovy', 'JavaScript', 'SAS', 'Batchfile', 'CSS', 'TeX', 'XSLT', 'C++', 'C'],1
'CVE-2020-9489','https://github.com/apache/tika','f9607f976b2135745dec811b01fbf978836807a9',['-'],['Java', 'Rich Text Format', 'HTML', 'Python', 'Shell', 'MATLAB', 'Groovy', 'JavaScript', 'SAS', 'Batchfile', 'CSS', 'TeX', 'XSLT', 'C++', 'C'],1
'CVE-2018-6331','https://github.com/facebook/buck','8c5500981812564877bd122c0f8fab48d3528ddf',['-'],['Java', 'Starlark', 'JavaScript', 'Python', 'C', 'CSS', 'Shell', 'Kotlin', 'Thrift', 'Lex', 'Smalltalk', 'Dockerfile', 'PowerShell', 'Batchfile', 'Makefile', 'HTML'],1
'CVE-2014-7809','https://github.com/apache/struts','1f301038a751bf16e525607c3db513db835b2999',['-'],['Java', 'HTML', 'FreeMarker', 'JavaScript', 'CSS', 'XSLT'],1
'CVE-2019-10174','https://github.com/infinispan/infinispan','a7dab68d194989aaa0b0aa0781cf8ee88fbe3439',['-'],['Java', 'Python', 'GAP', 'Shell', 'XSLT', 'Ruby', 'JavaScript', 'Groovy', 'CSS', 'Batchfile', 'HTML'],1
'CVE-2014-3584','https://git-wip-us.apache.org/repos/asf/cxf.git','0b3894f57388b9955f2c33b2295223f2835cd7b3',['-'],['Java'],1
'CVE-2013-2115','https://github.com/apache/struts','d7804297e319c7a12245e1b536e565fcea6d650',['-'],['Java', 'HTML', 'FreeMarker', 'JavaScript', 'CSS', 'XSLT'],1
'CVE-2013-2115','https://github.com/apache/struts','fed4f8e8a4ec69b5e7612b92d8ce3e476680474',['-'],['Java', 'HTML', 'FreeMarker', 'JavaScript', 'CSS', 'XSLT'],1
'CVE-2015-5256','https://github.com/apache/cordova-android','af2969dec58ca89150b84b5d57edcf63d4ce1302',['-'],['Java', 'JavaScript', 'HTML', 'Batchfile', 'CSS'],1
'CVE-2020-7238','https://github.com/netty/netty','ac76a24ff6d3cd0f59a2833c2f83eb82184ecaeb',['-'],['Java', 'C', 'HTML', 'JavaScript', 'Shell', 'Makefile', 'Groovy', 'CSS'],1
'CVE-2018-8025','https://github.com/apache/hbase','0c42acbdf86d08af3003105a26a2201f75f2e2c',['-'],['Java', 'Ruby', 'Perl', 'Shell', 'Python', 'Thrift', 'CSS', 'Batchfile', 'Dockerfile', 'C++', 'HTML', 'JavaScript', 'PHP', 'XSLT', 'C', 'Puppet', 'CMake', 'Makefile'],1
'CVE-2018-11039','https://github.com/spring-projects/spring-framework','dac97f1b7dac3e70ff603fb6fc9f205b95dd6b01',['-'],['Java', 'Kotlin', 'Groovy', 'AspectJ', 'FreeMarker', 'CSS', 'GAP', 'Shell', 'XSLT', 'HTML', 'Ruby', 'JavaScript', 'Smarty', 'PLpgSQL', 'Python', 'Dockerfile'],1
'CVE-2018-11039','https://github.com/spring-projects/spring-framework','f2694a8ed93f1f63f87ce45d0bb638478b426acd',['-'],['Java', 'Kotlin', 'Groovy', 'AspectJ', 'FreeMarker', 'CSS', 'GAP', 'Shell', 'XSLT', 'HTML', 'Ruby', 'JavaScript', 'Smarty', 'PLpgSQL', 'Python', 'Dockerfile'],1
'CVE-2018-18628','https://github.com/pippo-java/pippo','c6b26551a82d2dd32097fcb17c13c3b830916296',['-'],['Java', 'Groovy', 'FreeMarker', 'HTML', 'Pug'],1
'CVE-2018-20157','https://github.com/OpenRefine/OpenRefine','6a0d7d56e4ffb420316ce7849fde881344fbf881',['-'],['Java', 'JavaScript', 'HTML', 'Less', 'CSS', 'Shell', 'Batchfile', 'mIRC Script'],1
'CVE-2020-1957','https://github.com/apache/shiro','3708d7907016bf2fa12691dff6ff0def1249b8ce',['-'],['Java', 'Groovy', 'CSS', 'Shell'],1
'CVE-2020-1957','https://github.com/apache/shiro','c7c9c57d69a180dce679c5f26d4f6db64b250a7e',['-'],['Java', 'Groovy', 'CSS', 'Shell'],1
'CVE-2018-11802','https://github.com/apache/lucene-solr','000d0c1364b4c39d53095b37f263f75880d432d',['-'],[],1
'CVE-2018-11802','https://github.com/apache/lucene-solr','619b38a19bbfb32e6b99df04060b15b249aaab7',['-'],[],1
'CVE-2018-11802','https://github.com/apache/lucene-solr','add003f217806afb4e1604f697cdb0a5a711589',['-'],[],1
'CVE-2018-11802','https://github.com/apache/lucene-solr','d14bf2dc1ab0fd9d27d8add9ead1a7a76f4f340',['-'],[],1
'CVE-2018-11802','https://github.com/apache/lucene-solr','e085fcd3f5952018e6bf465e4a6274b560bdee2',['-'],[],1
'CVE-2012-6612','https://git-wip-us.apache.org/repos/asf/lucene-solr','f230486ce6707762c1a6e81655d0fac52887906d',['-'],['Java'],1
'CVE-2018-14658','https://github.com/keycloak/keycloak','a957e118e6efb35fe7ef3a62acd66341a6523cb7',['-'],['Java', 'JavaScript', 'HTML', 'FreeMarker', 'TypeScript', 'CSS', 'Python', 'Shell', 'Scala', 'XSLT', 'Batchfile', 'Groovy', 'AMPL', 'Dockerfile', 'Gnuplot'],1
'CVE-2018-1000130','https://github.com/rhuss/jolokia','1b360b8889f0ed51165a8d1ac55dd8e0aa2dfd4',['-'],['Java', 'JavaScript', 'XSLT', 'CSS', 'HTML', 'Shell'],1
'CVE-2018-1000130','https://github.com/rhuss/jolokia','fd7b93da30c61a45bac10d8b311f1b79a74910f',['-'],['Java', 'JavaScript', 'XSLT', 'CSS', 'HTML', 'Shell'],1
'CVE-2020-13920','https://github.com/apache/activemq','48cd61dda07c1ef212d0e9dce5a4398983faf79',['-'],['Java', 'JavaScript', 'HTML', 'Shell', 'CSS', 'C#', 'Batchfile', 'C++', 'Python', 'Ruby', 'Perl', 'PHP'],1
'CVE-2020-13920','https://github.com/apache/activemq','58382283330f7c7b110c7afd8ef4ca264878653',['-'],['Java', 'JavaScript', 'HTML', 'Shell', 'CSS', 'C#', 'Batchfile', 'C++', 'Python', 'Ruby', 'Perl', 'PHP'],1
'CVE-2018-12022','https://github.com/FasterXML/jackson-databind','28badf7ef60ac3e7ef151cd8e8ec010b8479226',['-'],['Java', 'Logos', 'Shell'],1
'CVE-2019-19135','https://github.com/eclipse/milo','cac0e710bf2b8bed9c602fc597e9de1d8903abed',['-'],['Java', 'HTML'],1
'CVE-2014-3488','https://github.com/netty/netty','2fa9400a59d0563a66908aba55c41e7285a04994',['-'],['Java', 'C', 'HTML', 'JavaScript', 'Shell', 'Makefile', 'Groovy', 'CSS'],1
'CVE-2019-9515','https://github.com/netty/netty','cecb46a3dd1737cef38ae49ad5f57ac7a1b2faaa',['-'],['Java', 'C', 'HTML', 'JavaScript', 'Shell', 'Makefile', 'Groovy', 'CSS'],1
'CVE-2011-4343','https://github.com/apache/myfaces','ed925077332275b5cd652410f438bb4893566fb8',['-'],['Java', 'HTML', 'JavaScript', 'Shell', 'CSS'],1
'CVE-2018-1335','https://github.com/apache/tika','5d983aad0b68a228f180686a4135ed8c7cd589f1',['-'],['Java', 'Rich Text Format', 'HTML', 'Python', 'Shell', 'MATLAB', 'Groovy', 'JavaScript', 'SAS', 'Batchfile', 'CSS', 'TeX', 'XSLT', 'C++', 'C'],1
'CVE-2018-1335','https://github.com/apache/tika','b2d3932b847a171a85e356aa230af461a0f80d91',['-'],['Java', 'Rich Text Format', 'HTML', 'Python', 'Shell', 'MATLAB', 'Groovy', 'JavaScript', 'SAS', 'Batchfile', 'CSS', 'TeX', 'XSLT', 'C++', 'C'],1
'CVE-2018-1335','https://github.com/apache/tika','d1bc09386405d28d6b0f0a29ce8c3e7efd72d6c7',['-'],['Java', 'Rich Text Format', 'HTML', 'Python', 'Shell', 'MATLAB', 'Groovy', 'JavaScript', 'SAS', 'Batchfile', 'CSS', 'TeX', 'XSLT', 'C++', 'C'],1
'CVE-2018-1335','https://github.com/apache/tika','e82c2efd2b1ac731b6954634741b70ecf0ed6f01',['-'],['Java', 'Rich Text Format', 'HTML', 'Python', 'Shell', 'MATLAB', 'Groovy', 'JavaScript', 'SAS', 'Batchfile', 'CSS', 'TeX', 'XSLT', 'C++', 'C'],1
'CVE-2018-1335','https://github.com/apache/tika','ffb48dd29d0c2009490caefda75e5b57c7958c51',['-'],['Java', 'Rich Text Format', 'HTML', 'Python', 'Shell', 'MATLAB', 'Groovy', 'JavaScript', 'SAS', 'Batchfile', 'CSS', 'TeX', 'XSLT', 'C++', 'C'],1
'CVE-2018-1335','https://github.com/apache/tika','302f22aff7a836868b270038e1d66002a2004869',['-'],['Java', 'Rich Text Format', 'HTML', 'Python', 'Shell', 'MATLAB', 'Groovy', 'JavaScript', 'SAS', 'Batchfile', 'CSS', 'TeX', 'XSLT', 'C++', 'C'],1
'CVE-2018-1335','https://github.com/apache/tika','4fdc51a40bf9532d7db57d0b08c1aec3931468ad',['-'],['Java', 'Rich Text Format', 'HTML', 'Python', 'Shell', 'MATLAB', 'Groovy', 'JavaScript', 'SAS', 'Batchfile', 'CSS', 'TeX', 'XSLT', 'C++', 'C'],1
'CVE-2014-0112','https://github.com/apache/struts.git','74e26830d2849a84729b33497f729e0f033dc147',['-'],['Java', 'HTML', 'FreeMarker', 'JavaScript', 'CSS', 'XSLT'],1
'CVE-2015-7521','https://gitbox.apache.org/repos/asf/hive.git','98f933f269e6b528ef84912b3d701ca3272ec04b',['-'],['documentation_url', 'message'],1
'CVE-2019-12422','https://github.com/apache/shiro','a8018783373ff5e5210225069c9919e071597d5e',['-'],['Java', 'Groovy', 'CSS', 'Shell'],1
'CVE-2016-7051','https://github.com/FasterXML/jackson-dataformat-xml','eeff2c312e9d4caa8c9f27b8f740c7529d00524a',['-'],['Java', 'Logos'],1
'CVE-2019-3774','https://github.com/spring-projects/spring-batch','8dc3bb7d3c3d0b1487e3ef3dcbdebda865d2b20e',['-'],['Java', 'Standard ML', 'JavaScript'],1
'CVE-2012-0391','https://gitbox.apache.org/repos/asf/struts.git','5f54b8d087f5125d96838aafa5f64c2190e6885b',['-'],['documentation_url', 'message'],1
'CVE-2012-0391','https://gitbox.apache.org/repos/asf/struts.git','b4265d369dc29d57a9f2846a85b26598e83f3892',['-'],['documentation_url', 'message'],1
'CVE-2018-1000615','https://github.com/opennetworkinglab/onos','1a783729a1d7e0cd59d59a8dd3a73cdd6ac0f30d',['-'],['Java', 'JavaScript', 'Jinja', 'TypeScript', 'Starlark', 'Python', 'CSS', 'Shell', 'HTML', 'P4', 'SCSS', 'Dockerfile', 'Makefile'],1
'CVE-2019-17573','https://github.com/apache/cxf','a02e96ba1095596bef481919f16a90c5e80a92c',['-'],['Java', 'JavaScript', 'XSLT', 'Shell', 'HTML', 'Batchfile', 'GAP', 'Perl', 'Rich Text Format', 'Groovy', 'Ruby', 'Dockerfile', 'CSS'],1
'CVE-2019-17573','https://github.com/apache/cxf','ffee603ae648c25f6ce5aa01b92c3aa57ebd568',['-'],['Java', 'JavaScript', 'XSLT', 'Shell', 'HTML', 'Batchfile', 'GAP', 'Perl', 'Rich Text Format', 'Groovy', 'Ruby', 'Dockerfile', 'CSS'],1
'CVE-2018-8015','https://github.com/apache/orc','d5018d309a8adc6b8e0567cb692a17371d16e108',['-'],['HTML', 'Java', 'C++', 'CSS', 'CMake', 'SCSS', 'Dockerfile', 'Shell', 'JavaScript', 'C', 'Ruby'],1
'CVE-2020-1695','https://github.com/resteasy/Resteasy','acf15f2a8067f7e4cf5838342cecfa0b78a174fb',['-'],['Java', 'JavaScript', 'Python', 'Shell', 'HTML'],1
'CVE-2019-12741','https://github.com/jamesagnew/hapi-fhir','8f41159eb147eeb964cad68b28eff97acac6ea9a',['-'],['Java', 'HTML', 'Ruby', 'Shell', 'JavaScript', 'GAP', 'CSS', 'Kotlin', 'Batchfile', 'Dockerfile'],1
'CVE-2018-12540','https://github.com/vert-x3/vertx-web','98891b1d9e022b467a3e4674aca4d1889849b1d',['-'],['Java', 'Python', 'HTML', 'JavaScript', 'Shell', 'Handlebars', 'FreeMarker', 'Batchfile', 'CSS', 'Pug'],1
'CVE-2013-2135','https://github.com/apache/struts','cfb6e9afbae320a4dd5bdd655154ab9fe5a92c1',['-'],['Java', 'HTML', 'FreeMarker', 'JavaScript', 'CSS', 'XSLT'],1
'CVE-2013-2135','https://github.com/apache/struts','01e6b251b4db78bfb7971033652e81d1af4cb3e',['-'],['Java', 'HTML', 'FreeMarker', 'JavaScript', 'CSS', 'XSLT'],1
'CVE-2013-2135','https://github.com/apache/struts','54e5c912ebd9a1599bfcf7a719da17c28127bbe',['-'],['Java', 'HTML', 'FreeMarker', 'JavaScript', 'CSS', 'XSLT'],1
'CVE-2013-2135','https://github.com/apache/struts','8b4fc81daeea3834bcbf73de5f48d0021917aa3',['-'],['Java', 'HTML', 'FreeMarker', 'JavaScript', 'CSS', 'XSLT'],1
'CVE-2017-18349','https://github.com/alibaba/fastjson','f5903fa56497c00ed0703ac875b511f9bd5f1d8e',['-'],['Java', 'Kotlin', 'JavaScript', 'Shell'],1
'CVE-2019-17633','https://github.com/eclipse/che','a8ce4435e3ffe9985116999f8dfae1b883548acf',['-'],['Java', 'JavaScript', 'TypeScript', 'Shell', 'CSS', 'HTML', 'FreeMarker', 'Dockerfile', 'Smarty'],1
'CVE-2019-0214','https://github.com/apache/archiva','796716d44183bd315dd20184a66b39ae533eb747',['-'],['Java', 'JavaScript', 'TypeScript', 'HTML', 'CSS', 'Shell', 'SCSS', 'Groovy', 'PowerShell', 'Dockerfile', 'Batchfile'],1
'CVE-2020-5405','https://github.com/spring-cloud/spring-cloud-config','4c7b8dfc7edaacb76a77e0c6ef9a5cfc200e3d02',['-'],['Java', 'Shell', 'Ruby', 'Groovy'],1
'CVE-2020-5230','https://github.com/opencast/opencast','bbb473f34ab95497d6c432c81285efb0c739f317',['-'],['Java', 'JavaScript', 'HTML', 'SCSS', 'CSS', 'Less', 'TypeScript', 'XSLT', 'Python', 'Shell', 'Ruby', 'ANTLR'],1
'CVE-2013-1965','https://github.com/apache/struts','7e6f641ebb142663cbd1653dc49bed725edf7f56',['-'],['Java', 'HTML', 'FreeMarker', 'JavaScript', 'CSS', 'XSLT'],1
'CVE-2015-8320','https://github.com/apache/cordova-android','032ea8a8d386d8bcffc5de7fd3e4202478effb7d',['-'],['Java', 'JavaScript', 'HTML', 'Batchfile', 'CSS'],1
'CVE-2017-7672','https://github.com/apache/struts.git','931df54ab379bf4eb5a625bf05066b8563c3737b',['-'],['Java', 'HTML', 'FreeMarker', 'JavaScript', 'CSS', 'XSLT'],1
'CVE-2017-12626','https://github.com/apache/poi','c7db66a30dfb6cbbd5812ff3ae4c90ed2d9b9a27',['-'],['Java', 'Groovy', 'SWIG', 'Makefile', 'Ruby', 'Scala', 'CSS', 'Clojure', 'C++', 'Shell', 'VBA', 'HTML'],1
'CVE-2017-12626','https://github.com/apache/poi','cd6236c74b55763a27e3e9b5f269c28bc9c98419',['-'],['Java', 'Groovy', 'SWIG', 'Makefile', 'Ruby', 'Scala', 'CSS', 'Clojure', 'C++', 'Shell', 'VBA', 'HTML'],1
'CVE-2017-12626','https://github.com/apache/poi','df3910135fd9c442b4e746e4b156362fd2e8d755',['-'],['Java', 'Groovy', 'SWIG', 'Makefile', 'Ruby', 'Scala', 'CSS', 'Clojure', 'C++', 'Shell', 'VBA', 'HTML'],1
'CVE-2017-12626','https://github.com/apache/poi','a07ed9e86474da98f204efadfd5b9327009a0d21',['-'],['Java', 'Groovy', 'SWIG', 'Makefile', 'Ruby', 'Scala', 'CSS', 'Clojure', 'C++', 'Shell', 'VBA', 'HTML'],1
'CVE-2019-10083','https://github.com/apache/nifi','a97766d62f067845869c44b39604851c7ca91d02',['-'],['Java', 'JavaScript', 'Groovy', 'HTML', 'CSS', 'Shell', 'Handlebars', 'GAP', 'Ruby', 'Python', 'Batchfile', 'Dockerfile', 'XSLT', 'Clojure', 'Lua', 'C++'],1
'CVE-2020-1935','https://github.com/apache/tomcat','8fbe2e',['-'],['Java', 'HTML', 'Shell', 'Batchfile', 'NSIS', 'XSLT', 'CSS', 'Perl', 'Dockerfile'],1
'CVE-2020-1935','https://github.com/apache/tomcat','702bf1',['-'],['Java', 'HTML', 'Shell', 'Batchfile', 'NSIS', 'XSLT', 'CSS', 'Perl', 'Dockerfile'],1
'CVE-2020-1935','https://github.com/apache/tomcat','8bfb0f',['-'],['Java', 'HTML', 'Shell', 'Batchfile', 'NSIS', 'XSLT', 'CSS', 'Perl', 'Dockerfile'],1
'CVE-2018-1324','https://github.com/apache/commons-compress','2a2f1dc48e22a34ddb72321a4db211da91aa933b',['-'],['Java', 'HTML', 'Shell'],1
'CVE-2019-18394','https://github.com/igniterealtime/Openfire','e6a9db94f684056ced0d5e5a4291c89488fbeecc',['-'],['Java', 'HTML', 'JavaScript', 'CSS', 'Shell', 'Objective-C', 'C', 'Batchfile', 'Makefile', 'Dockerfile'],1
'CVE-2020-1954','https://github.com/apache/cxf','98ec361acd390483005de12ca3b10cf49cbdcf8',['-'],['Java', 'JavaScript', 'XSLT', 'Shell', 'HTML', 'Batchfile', 'GAP', 'Perl', 'Rich Text Format', 'Groovy', 'Ruby', 'Dockerfile', 'CSS'],1
'CVE-2020-1954','https://github.com/apache/cxf','1cf4fed546904a4a2560f53a2a2391d834b4026',['-'],['Java', 'JavaScript', 'XSLT', 'Shell', 'HTML', 'Batchfile', 'GAP', 'Perl', 'Rich Text Format', 'Groovy', 'Ruby', 'Dockerfile', 'CSS'],1
'CVE-2020-1954','https://github.com/apache/cxf','8636c3760a97979f42e45080230a27b81df5d43',['-'],['Java', 'JavaScript', 'XSLT', 'Shell', 'HTML', 'Batchfile', 'GAP', 'Perl', 'Rich Text Format', 'Groovy', 'Ruby', 'Dockerfile', 'CSS'],1
'CVE-2018-12972','https://github.com/OpenTSDB/opentsdb','a6a9ec4bc8a526951bc25bb19a145782bafaa8b0',['-'],['Java', 'Python', 'Makefile', 'Shell', 'M4', 'Dockerfile', 'Emacs Lisp', 'Batchfile'],1
'CVE-2013-4152','https://github.com/spring-projects/spring-framework.git','7576274874deeccb6da6b09a8d5bd62e8b5538b7',['-'],['Java', 'Kotlin', 'Groovy', 'AspectJ', 'FreeMarker', 'CSS', 'GAP', 'Shell', 'XSLT', 'HTML', 'Ruby', 'JavaScript', 'Smarty', 'PLpgSQL', 'Python', 'Dockerfile'],1
'CVE-2013-1879','https://git-wip-us.apache.org/repos/asf/activemq.git','148ca81dcd8f14cfe2ff37012fd1aa42518f02dc',['-'],['Java'],1
'CVE-2017-13098','https://github.com/bcgit/bc-java','a00b684465b38d722ca9a3543b8af8568e6bad5c',['-'],['Java', 'Shell', 'HTML', 'Batchfile'],1
'CVE-2020-5206','https://github.com/opencast/opencast','b157e1fb3b35991ca7bf59f0730329fbe7ce82e8',['-'],['Java', 'JavaScript', 'HTML', 'SCSS', 'CSS', 'Less', 'TypeScript', 'XSLT', 'Python', 'Shell', 'Ruby', 'ANTLR'],1
'CVE-2015-3192','https://github.com/spring-projects/spring-framework.git','5a711c05ec750f069235597173084c2ee796242',['-'],['Java', 'Kotlin', 'Groovy', 'AspectJ', 'FreeMarker', 'CSS', 'GAP', 'Shell', 'XSLT', 'HTML', 'Ruby', 'JavaScript', 'Smarty', 'PLpgSQL', 'Python', 'Dockerfile'],1
'CVE-2013-6447','https://github.com/seam2/jboss-seam.git','090aa6252affc978a96c388e3fc2c1c2688d9bb5',['-'],['Java', 'FreeMarker', 'HTML', 'JavaScript', 'GAP', 'CSS', 'Shell', 'Batchfile', 'Makefile'],1
'CVE-2020-10686','https://github.com/keycloak/keycloak','5ddd605ee96b8551c7eb00b609a0b97939925b77',['-'],['Java', 'JavaScript', 'HTML', 'FreeMarker', 'TypeScript', 'CSS', 'Python', 'Shell', 'Scala', 'XSLT', 'Batchfile', 'Groovy', 'AMPL', 'Dockerfile', 'Gnuplot'],1
'CVE-2018-18531','https://github.com/penggle/kaptcha','b73a2123ad911b7df4eb917a2126c6d9464e5a6d',['-'],['Java'],1
                                                                                                                                                                                                                                                                                                                                                                                                                                                                                                                                                                                                                                                                                                                                                                                                                                                                                                                                                                                                                                                                                                                                                                                                                                                                                                                                                                                                                                                                                                                                                                                                                                                                                                                                                                                                                                                         Failed to initialize repository in /home/i064196/.git_cache/github.com_apache_roller
'CVE-2018-17198','https://github.com/apache/roller','26764874bd1c33f3967baf74818422b6d5d8f227',['-'],['Java', 'CSS', 'JavaScript', 'XSLT', 'Shell', 'Python', 'FreeMarker', 'Dockerfile'],1
