ID;URL;VERSIONS;FLAG;COMMITS;COMMENTS
CVE-2010-1244;https://github.com/apache/activemq;None:None;False;1f464b9412e1b1c08d40c8ffac40edd52731da48;
CVE-2010-3260;https://github.com/orbeon/orbeon-forms;None:None;False;aba6681660f65af7f1676434da68c10298c30200;
CVE-2011-1772;https://github.com/apache/struts;None:None;False;885ab3459e146ff830d1f7257f809f4a3dd4493a;
CVE-2011-2087;https://github.com/apache/struts;None:None;False;1736b56db702c6639a6d5ae1146dba5a262e3344;
CVE-2011-2088;https://github.com/apache/struts;None:None;False;885ab3459e146ff830d1f7257f809f4a3dd4493a;
CVE-2011-4343;https://github.com/apache/myfaces;None:None;False;ed925077332275b5cd652410f438bb4893566fb8;
CVE-2012-0881;https://github.com/apache/xerces2-j;None:None;False;992b5d9c24102ad20330d36c0a71162753a37449;
CVE-2012-4386;https://github.com/apache/struts;None:None;False;1081c52be93abfd2f33ba8453c676e3edcedec8b;
CVE-2013-1965;https://github.com/apache/struts;None:None;False;7e6f641ebb142663cbd1653dc49bed725edf7f56;
CVE-2013-1966;https://github.com/apache/struts;None:None;False;7e6f641ebb142663cbd1653dc49bed725edf7f56;
CVE-2013-2035;https://github.com/fusesource/hawtjni;None:None;False;92c266170ce98edc200c656bd034a237098b8aa5;
CVE-2013-2115;https://github.com/apache/struts;None:None;False;d7804297e319c7a12245e1b536e565fcea6d650,fed4f8e8a4ec69b5e7612b92d8ce3e476680474;
CVE-2013-2134;https://github.com/apache/struts;None:None;False;01e6b251b4db78bfb7971033652e81d1af4cb3e,54e5c912ebd9a1599bfcf7a719da17c28127bbe,8b4fc81daeea3834bcbf73de5f48d0021917aa3,cfb6e9afbae320a4dd5bdd655154ab9fe5a92c1;
CVE-2013-2135;https://github.com/apache/struts;None:None;False;cfb6e9afbae320a4dd5bdd655154ab9fe5a92c1,01e6b251b4db78bfb7971033652e81d1af4cb3e,54e5c912ebd9a1599bfcf7a719da17c28127bbe,8b4fc81daeea3834bcbf73de5f48d0021917aa3;
CVE-2013-2193;https://github.com/apache/hbase;None:None;False;408eb243ad51bbad593d83ad2cfd35cc0e90b38e;
CVE-2013-2248;https://github.com/apache/struts;None:None;False;3cfe34fefedcf0fdcfcb061c0aea34a715b7de6;
CVE-2013-2251;https://github.com/apache/struts;None:None;False;3cfe34fefedcf0fdcfcb061c0aea34a715b7de6;
CVE-2013-4002;https://github.com/apache/xerces2-j;None:None;False;266e837852e0f0e3c8c1ad572b6fc4dbb4ded17;
CVE-2013-4152;https://github.com/spring-projects/spring-framework;None:None;False;7576274874deeccb6da6b09a8d5bd62e8b5538b7;
CVE-2013-4221;https://github.com/restlet/restlet-framework-java;None:None;False;12cc79b3953c7bd276e9f1cae2fbfdb9c1a6f07;
CVE-2013-4286;https://github.com/apache/tomcat/;None:None;False;52241c95b55b005ba6ffeed8e610e238bf471dd9;
CVE-2013-4310;https://github.com/apache/struts;None:None;False;0c8366cb792227d484b9ca13e537037dd0cb57dc;
CVE-2013-4316;https://github.com/apache/struts;None:None;False;58947c3f85ae641c1a476316a2888e53605948d1;
CVE-2013-4366;https://github.com/apache/httpcomponents-client;None:None;False;08140864e3e4c0994e094c4cf0507932baf6a66;
CVE-2013-5679;https://github.com/ESAPI/esapi-java-legacy;None:None;False;41138fef5f63d9cf0d5e05d2bee2c7f682ffef3f;
CVE-2013-5855;https://github.com/javaserverfaces/mojarra;None:None;False;3d476326c7ff32fe17357ac44a7fe194874df246,9827e56928abd657a7e7887f7e82ac9bc8a9c10b;
CVE-2013-5960;https://github.com/ESAPI/esapi-java-legacy;None:None;False;b7cbc53f9cc967cf1a5a9463d8c6fef9ed6ef4f7;
CVE-2013-6348;https://github.com/apache/struts;None:None;False;01584fabc74635d63a1b2670f18d8fcd1ee046cc,fd27e5cc748420a53d51e0e19a10efe8c582c2c0;
CVE-2013-6429;https://github.com/spring-projects/spring-framework;None:None;False;2ae6a6a3415eebc57babcb9d3e5505887eda6d8;
CVE-2013-6430;https://github.com/spring-projects/spring-framework;None:None;False;7a7df6637478607bef0277bf52a4e0a03e20a248;
CVE-2013-6447;https://github.com/seam2/jboss-seam;None:None;False;090aa6252affc978a96c388e3fc2c1c2688d9bb5;
CVE-2013-6448;https://github.com/seam2/jboss-seam;None:None;False;090aa6252affc978a96c388e3fc2c1c2688d9bb5;
CVE-2013-7285;https://github.com/x-stream/xstream;None:None;False;6344867dce6767af7d0fe34fb393271a6456672d;
CVE-2013-7315;https://github.com/spring-projects/spring-framework;None:None;False;7576274874deeccb6da6b09a8d5bd62e8b5538b7;
CVE-2013-7397;https://github.com/AsyncHttpClient/async-http-client;None:None;False;df6ed70e86c8fc340ed75563e016c8baa94d7e72;
CVE-2013-7398;https://github.com/AsyncHttpClient/async-http-client;None:None;False;3c9152e2c75f7e8b654beec40383748a14c6b51b;
CVE-2014-0054;https://github.com/spring-projects/spring-framework;None:None;False;1c5cab2a4069ec3239c531d741aeb07a434f521b,edba32b3093703d5e9ed42b5b8ec23ecc1998398;
CVE-2014-0094;https://github.com/apache/struts;None:None;False;74e26830d2849a84729b33497f729e0f033dc147;
CVE-2014-0097;https://github.com/spring-projects/spring-security;None:None;False;88559882e967085c47a7e1dcbc4dc32c2c796868;
CVE-2014-0112;https://github.com/apache/struts;None:None;False;74e26830d2849a84729b33497f729e0f033dc147;
CVE-2014-0113;https://github.com/apache/struts;None:None;False;74e26830d2849a84729b33497f729e0f033dc147;
CVE-2014-0114;https://github.com/apache/commons-beanutils;None:None;False;2412c90ba5584fed123fa6a33e752e6c8eaf74e9,4e410e068b8d367c53766a7da712b1b6f3fd8101,62e82ad92cf4818709d6044aaf257b73d42659a4;
CVE-2014-0116;https://github.com/apache/struts;None:None;False;74e26830d2849a84729b33497f729e0f033dc147;
CVE-2014-0168;https://github.com/rhuss/jolokia;None:None;False;2d9b168cfbbf5a6d16fa6e8a5b34503e3dc42364;
CVE-2014-0193;https://github.com/netty/netty;None:None;False;8599ab5bdb761bb99d41a975d689f74c12e4892b;
CVE-2014-0225;https://github.com/spring-projects/spring-framework;None:None;False;8e096aeef55287dc829484996c9330cf755891a1,c6503ebbf7c9e21ff022c58706dbac5417b2b5eb;
CVE-2014-0229;https://github.com/apache/hadoop;None:None;False;957c56dbe5b1490490c09ddfbca9a4204c7c9d00;
CVE-2014-1904;https://github.com/spring-projects/spring-framework;None:None;False;741b4b229ae032bd17175b46f98673ce0bd2d485,75e08695a04980dbceae6789364717e9d8764d58;
CVE-2014-3488;https://github.com/netty/netty;None:None;False;2fa9400a59d0563a66908aba55c41e7285a04994;
CVE-2014-3527;https://github.com/spring-projects/spring-security;None:None;False;2cb99f079152ac05cee5c90457c7feb3bb2de55;
CVE-2014-3558;https://github.com/hibernate/hibernate-validator;None:None;False;fd4eaed7fb930db6a5e4c03742b4b3adcfecc90e,2c95d4ea0ef20977be249e31a4a4f4f4f71c945d,67fdff14831c035c25e098fe14bd86523d17f726,7e7131939a4361a7cad3e77ab89a8462132c561c,c489416f699a46859c134796b3ccfea41ef3ce52,c9525ca544b1281e2b7c7347e86e87c86dc1dc6e,e8c42b689df8c6752d635d02c6518da3fece3870,f97c2021a03c825abdeca1692f5be51e77e76a8f;
CVE-2014-3576;https://github.com/apache/activemq;None:None;False;00921f22ff9a8792d7663ef8fadd4823402a6324;
CVE-2014-3578;https://github.com/spring-projects/spring-framework;None:None;False;8e096aeef55287dc829484996c9330cf755891a1;
CVE-2014-3625;https://github.com/spring-projects/spring-framework;None:None;False;3f68cd633f03370d33c2603a6496e81273782601,9beae9ae4226c45cd428035dae81214439324676,9cef8e3001ddd61c734281a7556efd84b6cc2755;
CVE-2014-3682;https://github.com/kiegroup/jbpm-designer;None:None;False;5641588c730cc75dc3b76c34b76271fbd407fb8,be3968d51299f6de0011324be60223ede49ecb1;
CVE-2014-4172;https://github.com/apereo/java-cas-client;None:None;False;ab6cbdc3daa451b4fef89c0bd0f4e6568f3aa9ef,ae37092100c8eaec610dab6d83e5e05a8ee58814;
CVE-2014-7809;https://github.com/apache/struts;None:None;False;1f301038a751bf16e525607c3db513db835b2999;
CVE-2014-8122;https://github.com/weld/core;None:None;False;29fd1107fd30579ad9bb23fae4dc3ba464205745,6808b11cd6d97c71a2eed754ed4f955acd789086,8e413202fa1af08c09c580f444e4fd16874f9c65;
CVE-2015-0201;https://github.com/spring-projects/spring-framework;None:None;False;d63cfc8eebc396be009e733a81ebb4c984811f6e,dc5b5ca8ee09c890352f89b2dae58bc0132d6545;
CVE-2015-0225;https://github.com/apache/cassandra;None:None;False;c041ea8b3748089937168839791a6d64382b34de;
CVE-2015-0263;https://github.com/apache/camel;None:None;False;7d19340bcdb42f7aae584d9c5003ac4f7ddaee36;
CVE-2015-0264;https://github.com/apache/camel;None:None;False;1df559649a96a1ca0368373387e542f46e4820da;
CVE-2015-1427;https://github.com/elastic/elasticsearch;None:None;False;4e952b2d75de6ca4caf4b6743462714f3b60d07f;
CVE-2015-1776;https://github.com/apache/hadoop;None:None;False;6b710a42e00acca405e085724c89cda016cf7442;
CVE-2015-1831;https://github.com/apache/struts;None:None;False;d832747d647df343ed07a58b1b5e540a05a4d51b;
CVE-2015-2080;https://github.com/eclipse/jetty.project;None:None;False;3e7b5f0fa918633ec24bd1bc23d6ee76d32c7729,4df5647f6dfdc5fa7abb812afe9290d60b17c098;
CVE-2015-2156;https://github.com/netty/netty;None:None;False;97d871a7553a01384b43df855dccdda5205ae77;
CVE-2015-2912;https://github.com/orientechnologies/orientdb;None:None;False;5dbd6035e4e59259f3e08ba8f1218785f36d1d2d;
CVE-2015-2913;https://github.com/orientechnologies/orientdb;None:None;False;668ece96be210e742a4e2820a3085b215cf55104;
CVE-2015-3189;https://github.com/cloudfoundry/uaa;None:None;False;a79b89f6e4f66626914b029b7a15a423491f8013;
CVE-2015-3192;https://github.com/spring-projects/spring-framework;None:None;False;5a711c05ec750f069235597173084c2ee796242;
CVE-2015-3208;https://github.com/apache/activemq-artemis;None:None;False;48d9951d879e0c8cbb59d4b64ab59d53ef88310d;
CVE-2015-3253;https://github.com/apache/groovy;None:None;False;09e9778e8a33052d8c27105aee5310649637233d;
CVE-2015-3271;https://github.com/apache/tika;None:None;False;98672cdd92b6325ff78c763955a7c045b364095b;
CVE-2015-4165;https://github.com/elastic/elasticsearch;None:None;False;f5cfb2a1869d1a52930cbd3138278a6e2c1b22e6;
CVE-2015-5170;https://github.com/cloudfoundry/uaa;None:None;False;a54f3fb8225ef7d5021ca7d4fb52bef1e884568e;
CVE-2015-5171;https://github.com/cloudfoundry/uaa;None:None;False;9730cd6a3bbb481ee4e400b51952b537589c469d;
CVE-2015-5172;https://github.com/cloudfoundry/uaa;None:None;False;cd31cc397fe17389d95b83d6a9caa46eebc54faf;
CVE-2015-5175;https://github.com/apache/cxf-fediz;None:None;False;90c898335786211d253c0503453e2f8b93e0d3fe,f65c961ea31e3c1851daba8e7e49fc37bbf77b19;
CVE-2015-5254;https://github.com/apache/activemq;None:None;False;6f03921b31d9fefeddb0f4fa63150ed1f94a14b,73a0caf758f9e4916783a205c7e422b4db27905;
CVE-2015-5256;https://github.com/apache/cordova-android;None:None;False;af2969dec58ca89150b84b5d57edcf63d4ce1302;
CVE-2015-5258;https://github.com/spring-projects/spring-social;None:None;False;5151e1158e1ed51369e7aba9e8092930d28c31d3;
CVE-2015-5344;https://github.com/apache/camel;None:None;False;4491c080cb6c8659fc05441e49307b7d4349aa56,8386d8f7260143802553bc6dbae2880d6c0bafda;
CVE-2015-5347;https://github.com/apache/wicket;None:None;False;dffba2ce410ec7e917ad350d3528af4df67bc348;
CVE-2015-5348;https://github.com/apache/camel;None:None;False;c703479f5880a099c38f2fd5e63c7d9f0567e5ff,44e6a3036e5a11d90b60c142cf51ed74b792de31,735ee02c693964b5f700af13a2adfeae56b848a4,92081b203523c5ed502ed41df43cbd8655caf9b9,9cbd5867fe73ef07ecba6f16d64689632e3f2a16,f7f0b18f6924fe0b01f32a25ed1e38e29b1bf8e5,190d7c81b7e3ce767514e319630b1bbaf27e6817,d853853469292cd54fd9662c3605030ab5a9566b,e7fd5f049c2fd51a528f8062da91a1c75e33b0e8,ec4a48d38e7335b40efcb14979fad8144eb00acf,94330f99acb6f28155793b253de9956c3798f3bb,a68434c258cdcd30587ae7adc5dabbac43eadbbf,c558f30a6d3820faa3d8c4ad5e54448914ec60d0,0afcf721ff209eb10a24c5e4b48ca9d6727ea99a,23655fe0c15189ca41a6e99c31a3c38001a7cdb0,349109b0834764560f0be69eb74f43a16bd220b0,7e28d0af471ea992eb74807a4abd1626b88d678a,5ea0a6f6c6a54f1cddf9691a99b0c237afc95348,c47cffcadabca0c588753555a386942184a33627,13e43c1412ad72d99030b4eb4cb72c84fa57d5ff,1b1ccbcd94860f6f1d8caf98fb59e6ab7b3940b4,4f065fe07c1dcd7b451e6005a6dc8e96d77da43e,515c822148d52de9e7cdf4f6b01f7b793f2f273f;
CVE-2015-5531;https://github.com/elastic/elasticsearch;None:None;False;df1427a2935237fb61fc641984f9c76478627fec;
CVE-2015-6644;https://github.com/bcgit/bc-java;None:None;False;25aca54734b861ef109ac4943c4a5f98c0c1b885,2d80e6cc6f5b78e159dba3277414e3bfea511dea,874bab94a5baf426545948116cabe6f4ae338c20,9bc10bbaa9620d691c58e2b37f31f0d31ceea61f;
CVE-2015-6748;https://github.com/jhy/jsoup;None:None;False;4edb78991f8d0bf87dafde5e01ccd8922065c9b2;
CVE-2015-8320;https://github.com/apache/cordova-android;None:None;False;032ea8a8d386d8bcffc5de7fd3e4202478effb7d;
CVE-2016-0768;https://github.com/tada/pljava;None:None;False;675254b0f17b76f05e72cba2e3b8d3e548ae7a43;
CVE-2016-0783;https://github.com/apache/openmeetings;None:None;False;7eef674039acd587bc46c1c399d3bdf058f0919b;
CVE-2016-0784;https://github.com/apache/openmeetings;None:None;False;6e5b1828f7813eedab08a31a46018a86bf715775;
CVE-2016-1000338;https://github.com/bcgit/bc-java;None:None;False;843c2e60f67d71faf81d236f448ebbe56c62c647;
CVE-2016-1000339;https://github.com/bcgit/bc-java;None:None;False;413b42f4d770456508585c830cfcde95f9b0e93b;
CVE-2016-1000340;https://github.com/bcgit/bc-java;None:None;False;790642084c4e0cadd47352054f868cc8397e2c00;
CVE-2016-1000341;https://github.com/bcgit/bc-java;None:None;False;acaac81f96fec91ab45bd0412beaf9c3acd8defa;
CVE-2016-1000342;https://github.com/bcgit/bc-java;None:None;False;843c2e60f67d71faf81d236f448ebbe56c62c647;
CVE-2016-1000343;https://github.com/bcgit/bc-java;None:None;False;50a53068c094d6cff37659da33c9b4505becd389;
CVE-2016-1000344;https://github.com/bcgit/bc-java;None:None;False;9385b0ebd277724b167fe1d1456e3c112112be1f;
CVE-2016-1000345;https://github.com/bcgit/bc-java;None:None;False;21dcb3d9744c83dcf2ff8fcee06dbca7bfa4ef35;
CVE-2016-1000346;https://github.com/bcgit/bc-java;None:None;False;1127131c89021612c6eefa26dbe5714c194e7495;
CVE-2016-1000352;https://github.com/bcgit/bc-java;None:None;False;9385b0ebd277724b167fe1d1456e3c112112be1f;
CVE-2016-10006;https://github.com/nahsra/antisamy;None:None;False;7313931dc3c0d1377b010f07faef2063dd359a36;
CVE-2016-10726;https://github.com/DSpace/DSpace;None:None;False;00fd623c23635688f361fa02e526aca5ff5e223;
CVE-2016-10750;https://github.com/hazelcast/hazelcast;None:None;False;5a47697519018eb4918df33a21faae811e85f01a;
CVE-2016-2141;https://github.com/belaban/JGroups;None:None;False;38a882331035ffed205d15a5c92b471fd09659c;
CVE-2016-2173;https://github.com/spring-projects/spring-amqp;None:None;False;4150f107e60cac4a7735fcf7cb4c1889a0cbab6c;
CVE-2016-2174;https://github.com/apache/ranger;None:None;False;8618870d1b4acfae4114dd247a362cfa8493ab9;
CVE-2016-2192;https://github.com/tada/pljava;None:None;False;f0a41359ede67335c5ef3fe73a9f10da96d71760;
CVE-2016-2402;https://github.com/square/okhttp;None:None;False;3ccb46dd16b6ec98f70b0ee53eafe5ed6380891e,784fabac7d1586a5614bd4bc8854fd62850dbe26;
CVE-2016-2510;https://github.com/beanshell/beanshell;None:None;False;1ccc66bb693d4e46a34a904db8eeff07808d2ced,7c68fde2d6fc65e362f20863d868c112a90a9b49;
CVE-2016-3084;https://github.com/cloudfoundry/uaa;None:None;False;14350228989e2aee900b8d48a848293bb5152b6f,460627ed419e4227b10ff121248b3ffc009011a9,66132926f1bac0b878da5841be2f93fa5075d88f,b3834364ab573e9655348193780a56a602fe87b7;
CVE-2016-3087;https://github.com/apache/struts;None:None;False;6bd694b7980494c12d49ca1bf39f12aec3e03e2f:2_5_x;
CVE-2016-3674;https://github.com/x-stream/xstream;None:None;False;25c6704bea149ee93c294ae5b6e0aecd182fea88,7c77ac0397a1f93c69d2776a13c31957f55d1647,87172cfc1dd7f8f6e137963c778b03efd14ac446,c9b121a88664988ccbabd83fa27bfc2a5e0bd139;
CVE-2016-3720;https://github.com/FasterXML/jackson-dataformat-xml;None:None;False;f0f19a4c924d9db9a1e2830434061c8640092cc0;
CVE-2016-4430;https://github.com/apache/struts;None:None;False;b28b78c062f0bf3c79793a25aab8c9b6c12bce6e;
CVE-2016-4431;https://github.com/apache/struts;None:None;False;b28b78c062f0bf3c79793a25aab8c9b6c12bce6e;
CVE-2016-4433;https://github.com/apache/struts;None:None;False;b28b78c062f0bf3c79793a25aab8c9b6c12bce6e;
CVE-2016-4437;https://github.com/apache/shiro;None:None;False;64d9f8341e1aa7ef1a29744e16ea7c578ca5deee;
CVE-2016-4438;https://github.com/apache/struts;None:None;False;76eb8f38a33ad0f1f48464ee1311559c8d52dd6d;
CVE-2016-4800;https://github.com/eclipse/jetty.project;None:None;False;97af3d663fd22343129e8364d601640649d9eaea;
CVE-2016-4970;https://github.com/netty/netty;None:None;False;524156f164a910b8b0978d27a2c700a19cd8048;
CVE-2016-4977;https://github.com/spring-projects/spring-security-oauth;None:None;False;fff77d3fea477b566bcacfbfc95f85821a2bdc2d;
CVE-2016-5001;https://github.com/apache/hadoop;None:None;False;04b8a19f81ee616c315eec639642439b3a18ad9;
CVE-2016-5007;https://github.com/spring-projects/spring-framework;None:None;False;a30ab30e4e9ae021fdda04e9abfc228476b846b5;
CVE-2016-5016;https://github.com/cloudfoundry/uaa;None:None;False;0a78612f981c541ad2d997e6a365f2a0b3e799d9;
CVE-2016-5641;https://github.com/swagger-api/swagger-codegen;None:None;True;c5724a46d6cbbed03d292a361b3a0d07d1a64dae,cee45bc9aa0296b35170cb10b5132491c5dbdc88,07a852fe78ae71261f617200459e2cdf6529068f,90857e898884238d61dbfbd3ede5c7cc57de483f,9ee10e23977b39f4ad21445316f07271b01e02f1,a71c0726099daf8e7b5fe8ed1cef1ec2e03b57c7,cb53ea114ace2e0346a96c00d9403b990a6d4f5f,37e1de6d725bf5c3b9c7464f6ddc4a097513a112,56b2b4f2ebecf788fb30d385b3a91e8e1a72296d; reserved not available on nvd
CVE-2016-6194;https://github.com/rabbitmq/rabbitmq-jms-client;None:None;True;95ae7401c0f007d5c8e6618ab009c171ce633916; reserved not available on nvd
CVE-2016-6652;https://github.com/spring-projects/spring-data-jpa;None:None;False;b8e7fecccc7dc8edcabb4704656a7abe6352c08f;
CVE-2016-6793;https://github.com/apache/wicket;None:None;False;134686ef7185d3f96fec953136ab4847cd36b68;
CVE-2016-6795;https://github.com/apache/struts;None:None;False;030ffa33543f8953306ed0c0dc815c7fb74d7129,8e67b9144aa643769b261e2492cb561e04d016ab;
CVE-2016-6802;https://github.com/apache/shiro;None:None;False;b15ab927709ca18ea4a02538be01919a19ab65af;
CVE-2016-6805;https://github.com/apache/ignite;None:None;False;9c401b0dcfc6edb5cc83f6b35bc0d24db6f10347;
CVE-2016-6809;https://github.com/apache/tika;None:None;False;8a68b5d474205cc91cbbb610d4a1c05af57f0610;
CVE-2016-6814;https://github.com/apache/groovy;None:None;False;4df8b652aa018a5d5d1cda8fba938bf3422db31c;
CVE-2016-7043;https://github.com/kiegroup/droolsjbpm-integration;None:None;False;652be539fa8a1d66d47212758ca9b75799a1cb34;
CVE-2016-7051;https://github.com/FasterXML/jackson-dataformat-xml;None:None;False;eeff2c312e9d4caa8c9f27b8f740c7529d00524a;
CVE-2016-8629;https://github.com/keycloak/keycloak;None:None;False;a78cfa4b2ca979a1981fb371cfdf2c7212f7b6e2;
CVE-2016-8744;https://github.com/apache/brooklyn-server;None:None;False;3ae4a4d156341a53e54a2fe07192f46b15763d06;
CVE-2016-8749;https://github.com/apache/camel;None:None;False;02270ab9c90ac0d59b85dbd59fb9c1007eb44a1,2b0e96117d6f01eba0c18e2ff8df6a438e81972,7567488f844f01d72840f7ab6ca18114a11f20d,881e5099f94316d4a66ffbff0a3e6915829d49d,af3f54de35a90a5a49a4af4622e8bd1011bf5ec;
CVE-2016-9177;https://github.com/perwendel/spark;None:None;False;efcb46c710e3f56805b9257a63d1306882f4faf9;
CVE-2016-9878;https://github.com/spring-projects/spring-framework;None:None;False;43bf008fbcd0d7945e2fcd5e30039bc4d74c7a98;
CVE-2016-9879;https://github.com/spring-projects/spring-security;None:None;False;666e356ebc479194ba51e43bb99fc42f849b6175;
CVE-2017-1000207;https://github.com/swagger-api/swagger-parser;None:None;False;4c6584306b40de9b2dfa9065c3a438cd918534af;
CVE-2017-1000208;https://github.com/swagger-api/swagger-parser;None:None;False;4c6584306b40de9b2dfa9065c3a438cd918534af;
CVE-2017-1000486;https://github.com/primefaces/primefaces;None:None;False;26e44eb7962cbdb6aa2f47eca0f230f3274358f0;
CVE-2017-1000498;https://github.com/BigBadaboom/androidsvg;None:None;False;44e4fbf1d0f6db295df34601972741d4cf706cbd;
CVE-2017-12159;https://github.com/keycloak/keycloak;None:None;False;9b75b603e3a5f5ba6deff13cbb45b070bf2d2239;
CVE-2017-12174;https://github.com/apache/activemq-artemis;None:None;False;0f081e96a504a87a674a873e91e49e7a258216e,76b1f9cf8faa4797122ac71273b507bf146e1c0;
CVE-2017-12196;https://github.com/undertow-io/undertow;None:None;False;8804170ce3186bdd83b486959399ec7ac0f59d0f,facb33a5cedaf4b7b96d3840a08210370a806870;
CVE-2017-12610;https://github.com/apache/kafka;None:None;False;0b4daa4bf48517b4b3e9cda11692e80ade620b0;
CVE-2017-12612;https://github.com/apache/spark;None:None;False;8efc6e986554ae66eab93cd64a9035d716adbab;
CVE-2017-12624;https://github.com/apache/cxf;None:None;False;896bd961cbbb6b8569700e5b70229f78f94ad9d;
CVE-2017-12626;https://github.com/apache/poi;None:None;False;c7db66a30dfb6cbbd5812ff3ae4c90ed2d9b9a27,cd6236c74b55763a27e3e9b5f269c28bc9c98419,df3910135fd9c442b4e746e4b156362fd2e8d755,a07ed9e86474da98f204efadfd5b9327009a0d21;
CVE-2017-12629;https://github.com/apache/lucene-solr;None:None;False;926cc4d65b6d2cc40ff07f76d50ddeda947e3cc;
CVE-2017-12631;https://github.com/apache/cxf-fediz;None:None;False;ccdb12b26ff89e0a998a333e84dd84bd713ac76;
CVE-2017-12795;https://github.com/openmrs/openmrs-module-htmlformentry;None:None;False;86f35221c8a57cdd7557ce731a56b90db216c8e0;
CVE-2017-13098;https://github.com/bcgit/bc-java;None:None;False;a00b684465b38d722ca9a3543b8af8568e6bad5c;
CVE-2017-13309;https://github.com/google/conscrypt;None:None;True;e56958e7dea05c1784317f139e2216e2e707d391; reserved not available on NVD
CVE-2017-14063;https://github.com/AsyncHttpClient/async-http-client;None:None;False;eb9e3347e45319be494db24d285a2aee4396f5d3;
CVE-2017-14949;https://github.com/restlet/restlet-framework-java;None:None;False;97a8d1d62612683817c785e99c4166bcde8cf1c;
CVE-2017-15089;https://github.com/infinispan/infinispan;None:None;False;1deadcb1c74ea0337abd5382c0150b000f6b106f,2944b0d1369a230bde88392b222921537c99331e;
CVE-2017-15691;https://github.com/apache/uima-uimaj;None:None;False;39909bf21fd694f4fb792d1de8adc72562ead25e;
CVE-2017-15694;https://github.com/apache/geode;None:None;False;b8d26b158cabf91983e40e72221ab135143a26e0,ed28310be814268fca72e92ebe5dd16e2f54da9a,320b191c8286bb52be9cf93ccdbacd3e0a9981df,4c2f9e85406cc8ce9b5da71f0231b9a4901f8e2c,702eb206886203c55722335c7d66fbc6604fbe22;
CVE-2017-15695;https://github.com/apache/geode;None:None;False;90f8f6242927c5e16da64f38bba9abf3d450a305,954ccb545d24a9c9a35cbd84023a4d7e07032de0,aa469239860778eb46e09dd7b390aee08f152480,00be4f9774e1adf8e7ccc2664da8005fc30bb11d,49d28f93fd2ef069693ce15d124ef3a29f22fb7d,6df14c8b1e3c644f9f810149e80bba0c2f073dab,740289c61d60256c6270756bc84b9e24b76e4913;
CVE-2017-15703;https://github.com/apache/nifi;None:None;False;9e2c7be7d3c6a380c5f61074d9a5a690b617c3dc;
CVE-2017-15709;https://github.com/apache/activemq;None:None;False;5fa0bbd5156f29d97dcf48fd9fdb6a0488a8df1a;
CVE-2017-15719;https://github.com/sebfz1/wicket-jquery-ui;None:None;False;3e8cfdcb0f8e6e0cf0da01e74501afb5c9bff0f,6f33727a1b4aa27d58d672a96154d9061db43fa,fa0ce80f8e92c28c801773ed7c28621ae98e872;
CVE-2017-17485;https://github.com/FasterXML/jackson-databind;None:None;False;2235894210c75f624a3d0cd60bfb0434a20a18bf;
CVE-2017-18349;https://github.com/alibaba/fastjson;None:None;False;f5903fa56497c00ed0703ac875b511f9bd5f1d8e;
CVE-2017-2617;https://github.com/hawtio/hawtio;None:None;False;8cf6848f4d4d4917a4551c9aa49dc00f699eb569;
CVE-2017-2638;https://github.com/infinispan/infinispan;None:None;False;f2d54c4ecb75c7264d4160ca7c461135712201a9;
CVE-2017-2670;https://github.com/undertow-io/undertow;None:None;False;9bfe9fbbb595d51157b61693f072895f7dbadd1d;
CVE-2017-3154;https://github.com/apache/atlas;None:None;False;0dcfd21bbfaac6f037f46b7aaaab0e5546fd2a7;
CVE-2017-3156;https://github.com/apache/cxf;None:None;False;1338469;
CVE-2017-3159;https://github.com/apache/camel;None:None;False;20e26226107f3133c87d0f5c845e02f824823f69,6b979d07fd4be6ac913368f2abeae690d3325d37,dcb5a74a3987d2264ad195c7844bbb6c81216610;
CVE-2017-3164;https://github.com/apache/lucene-solr;None:None;False;8b54b20fc488ae3e83f4a350a707dc0303ade23;
CVE-2017-3166;https://github.com/apache/hadoop;None:None;False;a47d8283b136aab5b9fa4c18e6f51fa799d91a29;
CVE-2017-3523;https://github.com/mysql/mysql-connector-j;None:None;False;6189e718de5b6c6115aee45dd7a480081c129d68;
CVE-2017-3586;https://github.com/mysql/mysql-connector-j;None:None;False;aeba57264966b0fd329cdb8170ba772fd8fd4de2;
CVE-2017-4960;https://github.com/cloudfoundry/uaa;None:None;False;5eab756eaf4bb397302f00fbd0273f2470009d38;
CVE-2017-4971;https://github.com/spring-projects/spring-webflow;None:None;False;57f2ccb66946943fbf3b3f2165eac1c8eb6b1523;
CVE-2017-5637;https://github.com/apache/zookeeper;None:None;False;75411ab34a3d53c43c2d508b12314a9788aa417;
CVE-2017-5641;https://github.com/apache/flex-blazeds;None:None;False;f861f0993c35e664906609cad275e45a71e2aaf1;
CVE-2017-5643;https://github.com/apache/camel;None:None;False;2c6964ae94d8f9a9c9a32e5ae5a0b794e8b8d3b;
CVE-2017-5644;https://github.com/apache/poi;None:None;False;3a328aa220f6979f9805f658ae33244d153beaa7;
CVE-2017-5645;https://github.com/apache/logging-log4j2;None:None;False;5dcc19215827db29c993d0305ee2b0d8dd05939d;
CVE-2017-5929;https://github.com/qos-ch/logback;None:None;False;f46044b805bca91efe5fd6afe52257cd02f775f8;
CVE-2017-7525;https://github.com/FasterXML/jackson-databind;None:None;False;60d459cedcf079c6106ae7da2ac562bc32dcabe1,ddfddfba6414adbecaff99684ef66eebd3a92e92,e8f043d1aac9b82eee907e0f0c3abbdea723a935;
CVE-2017-7536;https://github.com/hibernate/hibernate-validator;None:None;False;0778a5c98b817771a645c6f4ba0b28dd8b5437b;
CVE-2017-7545;https://github.com/kiegroup/jbpm-designer;None:None;False;a143f3b92a6a5a527d929d68c02a0c5d914ab81d;
CVE-2017-7561;https://github.com/resteasy/Resteasy;None:None;False;517db971d8f7094124416bf72091fd0b45a1302,e9a34f2513e75dcaba95e1f2bc6f21668f43985,fd66aad3cb1e8553323a9af5b58f1ad5150dc5b;
CVE-2017-7656;https://github.com/eclipse/jetty.project;None:None;False;a285deea42fcab60d9edcf994e458c238a348b55;
CVE-2017-7657;https://github.com/eclipse/jetty.project;None:None;False;a285deea42fcab60d9edcf994e458c238a348b55;
CVE-2017-7658;https://github.com/eclipse/jetty.project;None:None;False;a285deea42fcab60d9edcf994e458c238a348b55;
CVE-2017-7661;https://github.com/apache/cxf-fediz;None:None;False;acdbe8c213576792dd95d87315bcc181ea61b57f;
CVE-2017-7662;https://github.com/apache/cxf-fediz;None:None;False;c68e4820816c19241568f4a8fe8600bffb0243cd;
CVE-2017-7669;https://github.com/apache/hadoop;None:None;False;bbe3b0857d383c5e4dc4a7ade90a88a3e24338b;
CVE-2017-7672;https://github.com/apache/struts;None:None;False;931df54ab379bf4eb5a625bf05066b8563c3737b;
CVE-2017-7957;https://github.com/x-stream/xstream;None:None;False;6e546ec366419158b1e393211be6d78ab9604ab,8542d02d9ac5d384c85f4b33d6c1888c53bd55d;
CVE-2017-8028;https://github.com/spring-projects/spring-ldap;None:None;False;08e8ae289bbd1b581986c7238604a147119c1336;
CVE-2017-8031;https://github.com/cloudfoundry/uaa;None:None;False;1e2a746968cdac5b53164ca8955646e4257ecc7;
CVE-2017-8038;https://github.com/cloudfoundry-incubator/credhub;None:None;False;46ae8627a6887d0c810905585b40845193b9a9f8,632951898a2f1474f699094200367fb405397127;
CVE-2017-8039;https://github.com/spring-projects/spring-webflow;None:None;False;084b4;
CVE-2017-8045;https://github.com/spring-projects/spring-amqp;None:None;False;6e9e00bb5bf0aa88444146db3c2eae138cc7b0a;
CVE-2017-8046;https://github.com/spring-projects/spring-data-rest;None:None;False;824e51a1304bbc8334ac0b96ffaef588177e6cc;
CVE-2017-9096;https://github.com/itext/itext7;None:None;False;930a1c81f8ea4952df540f041befbfa2d6757838;
CVE-2017-9735;https://github.com/eclipse/jetty.project;None:None;False;042f325f1cd6e7891d72c7e668f5947b5457dc02,2baa1abe4b1c380a30deacca1ed367466a1a62ea,f3751d70787fd8ab93932a51c60514c2eb37cb58;
CVE-2017-9787;https://github.com/apache/struts;None:None;False;086b63735527d4bb0c1dd0d86a7c0374b825ff2;
CVE-2017-9803;https://github.com/apache/lucene-solr;None:None;False;b091934f9e98568b848d0584a1145c8e514cbd21;
CVE-2018-1000129;https://github.com/rhuss/jolokia;None:None;False;5895d5c137c335e6b473e9dcb9baf748851bbc5f;
CVE-2018-1000130;https://github.com/rhuss/jolokia;None:None;False;1b360b8889f0ed51165a8d1ac55dd8e0aa2dfd4,fd7b93da30c61a45bac10d8b311f1b79a74910f;
CVE-2018-1000134;https://github.com/pingidentity/ldapsdk;None:None;False;8471904a02438c03965d21367890276bc25fa5a6;
CVE-2018-1000180;https://github.com/bcgit/bc-java;None:None;False;22467b6e8fe19717ecdf201c0cf91bacf04a55ad,73780ac522b7795fc165630aba8d5f5729acc839;
CVE-2018-1000613;https://github.com/bcgit/bc-java;None:None;False;4092ede58da51af9a21e4825fbad0d9a3ef5a223,cd98322b171b15b3f88c5ec871175147893c31e6;
CVE-2018-1000614;https://github.com/opennetworkinglab/onos;None:None;False;d59f36ce062b31be67221f6b668abaeb54011d49;
CVE-2018-1000615;https://github.com/opennetworkinglab/onos;None:None;False;1a783729a1d7e0cd59d59a8dd3a73cdd6ac0f30d;
CVE-2018-1000616;https://github.com/opennetworkinglab/onos;None:None;False;af1fa39a53c0016e92c1de246807879c16f507d6;
CVE-2018-1000632;https://github.com/dom4j/dom4j;None:None;False;e598eb43d418744c4dbf62f647dd2381c9ce9387;
CVE-2018-1000820;https://github.com/neo4j-contrib/neo4j-apoc-procedures;None:None;False;45bc09c8bd7f17283e2a7e85ce3f02cb4be4fd1a;
CVE-2018-1000844;https://github.com/square/retrofit;None:None;False;97057aaae42e54bfbee8acfa8af7dcf37e812342;
CVE-2018-1000850;https://github.com/square/retrofit;None:None;False;b9a7f6ad72073ddd40254c0058710e87a073047d;
CVE-2018-1000854;https://github.com/esigate/esigate;None:None;False;30cad23a8f282600c9b045e1af09f6f8a65357b1;
CVE-2018-1000873;https://github.com/FasterXML/jackson-modules-java8;None:None;False;ba27ce5909dfb49bcaf753ad3e04ecb980010b0b,7de5c8dcd7e2f59f4f5a0c6c9b92cc9e785f9eac;
CVE-2018-1002201;https://github.com/zeroturnaround/zt-zip;None:None;False;759b72f33bc8f4d69f84f09fcb7f010ad45d6fff;
CVE-2018-10237;https://github.com/google/guava;None:None;False;f89ece5721b2f637fe754937ff1f3c86d80bb196;
CVE-2018-1067;https://github.com/undertow-io/undertow;None:None;False;85d4478e598105fe94ac152d3e11e388374e8b8;
CVE-2018-10862;https://github.com/wildfly/wildfly-core;None:None;False;40996ae6d5d3b6c1602a15f96b86a8d8a39b53eb;
CVE-2018-10899;https://github.com/rhuss/jolokia;None:None;False;ec1cebda618e68d12c9b1906820564408cf950e1;
CVE-2018-10936;https://github.com/pgjdbc/pgjdbc;None:None;False;cdeeaca47dc3bc6f727c79a582c9e4123099526e;
CVE-2018-11039;https://github.com/spring-projects/spring-framework;None:None;False;dac97f1b7dac3e70ff603fb6fc9f205b95dd6b01,f2694a8ed93f1f63f87ce45d0bb638478b426acd;
CVE-2018-11040;https://github.com/spring-projects/spring-framework;None:None;False;874859493bbda59739c38c7e52eb3625f247b93;
CVE-2018-11041;https://github.com/cloudfoundry/uaa;None:None;False;d17b23fc3bf9b86f111774925afadfced75315c,57a15dfb7e0e3a59019ebe951793b586512b196;
CVE-2018-11047;https://github.com/cloudfoundry/uaa;None:None;False;bbbba5aec514ad88e7d1e168a2519c80229f02f;
CVE-2018-11087;https://github.com/spring-projects/spring-amqp;None:None;False;444b74e95bb299af5e23ebf006fbb45d574fb95;
CVE-2018-1114;https://github.com/undertow-io/undertow;None:None;False;882d5884f2614944a0c2ae69bafd9d13bfc5b64;
CVE-2018-11248;https://github.com/lingochamp/FileDownloader;None:None;False;b023cc081bbecdd2a9f3549a3ae5c12a9647ed7f;
CVE-2018-11307;https://github.com/FasterXML/jackson-databind;None:None;False;051bd5e447fbc9539e12a4fe90eb989dba0c656;
CVE-2018-1131;https://github.com/infinispan/infinispan;None:None;False;c630752604332c4cc84fc44dfbb9011a296ab966;
CVE-2018-11758;https://github.com/apache/cayenne;None:None;False;6fc896b65ed871be33dcf453cde924bf73cf83db;
CVE-2018-11761;https://github.com/apache/tika;None:None;False;4e67928412ad56333d400f3728ecdb59d07d9d63;
CVE-2018-11762;https://github.com/apache/tika;None:None;False;a09d853dbed712f644e274b497cce254f3189d57;
CVE-2018-11768;https://github.com/apache/hadoop;None:None;False;eeeea1d75d69d4619955e6b5ab5a7db18ee252b,96cedb87b94c07c11152580bf36978186d622b5,a868fb1c8fab1be927654b453b2eb9d98cb3066;
CVE-2018-11771;https://github.com/apache/commons-compress;None:None;False;a41ce6892cb0590b2e658704434ac0dbcb6834c8;
CVE-2018-11775;https://github.com/apache/activemq;None:None;False;bde7097fb8173cf871827df7811b3865679b963d;
CVE-2018-11776;https://github.com/apache/struts;None:None;False;4a3917176de2df7f33a85511d067f31e50dcc1b;
CVE-2018-11777;https://github.com/apache/hive;None:None;False;00c0ee7bc4b8492476b377a6edafcc33411f14b;
CVE-2018-11784;https://github.com/apache/tomcat;None:None;False;efb860b3ff8ebcf606199b8d0d432f76898040da;
CVE-2018-11787;https://github.com/apache/karaf;None:None;False;434e52502528e91e20d2f87cec7732f1e6e554c;
CVE-2018-11788;https://github.com/apache/karaf;None:None;False;0c36c50bc158739c8fc8543122a6740c54adafc;
CVE-2018-11799;https://github.com/apache/oozie;None:None;False;d50df341432df1049c6c85bf2dcda9eb0be04d73;
CVE-2018-11802;https://github.com/apache/lucene-solr;None:None;False;000d0c1364b4c39d53095b37f263f75880d432d,619b38a19bbfb32e6b99df04060b15b249aaab7,add003f217806afb4e1604f697cdb0a5a711589,d14bf2dc1ab0fd9d27d8add9ead1a7a76f4f340,e085fcd3f5952018e6bf465e4a6274b560bdee2;
CVE-2018-1190;https://github.com/cloudfoundry/uaa;None:None;False;96fe26711f8f8855d2994a531447f730afd61844;
CVE-2018-12022;https://github.com/FasterXML/jackson-databind;None:None;False;28badf7ef60ac3e7ef151cd8e8ec010b8479226;
CVE-2018-12023;https://github.com/FasterXML/jackson-databind;None:None;False;28badf7ef60ac3e7ef151cd8e8ec010b8479226;
CVE-2018-12418;https://github.com/junrar/junrar;None:None;False;ad8d0ba8e155630da8a1215cee3f253e0af45817;
CVE-2018-12536;https://github.com/eclipse/jetty.project;None:None;False;53e8bc2a636707e896fd106fbee3596823c2cdc;
CVE-2018-12538;https://github.com/eclipse/jetty.project;None:None;False;a0b8321ef452dddff9bc6c14e3ac0108239bfa2c;
CVE-2018-12540;https://github.com/vert-x3/vertx-web;None:None;False;98891b1d9e022b467a3e4674aca4d1889849b1d;
CVE-2018-12541;https://github.com/eclipse-vertx/vert.x;None:None;False;269a583330695d1418a4f5578f7169350b2e1332;
CVE-2018-12542;https://github.com/vert-x3/vertx-web;None:None;False;57a65dce6f4c5aa5e3ce7288685e7f3447eb8f3b;
CVE-2018-12544;https://github.com/vert-x3/vertx-web;None:None;False;ac8692c618d6180a9bc012a2ac8dbec821b1a97;
CVE-2018-1256;https://github.com/pivotal-cf/spring-cloud-sso-connector;None:None;False;ef647a2acf2363c6018e8543d665ac8862593372;
CVE-2018-1257;https://github.com/spring-projects/spring-framework;None:None;False;246a6db1cad205ca9b6fca00c544ab7443ba202;
CVE-2018-1258;https://github.com/spring-projects/spring-security;None:None;False;7b8fa90d96aaf751a3256fa755d5f17e081c20f;
CVE-2018-1259;https://github.com/SvenEwald/xmlbeam;None:None;False;f8e943f44961c14cf1316deb56280f7878702ee1;
CVE-2018-1260;https://github.com/spring-projects/spring-security-oauth;None:None;False;1c6815ac1b26fb2f079adbe283c43a7fd0885f3;
CVE-2018-1261;https://github.com/spring-projects/spring-integration-extensions;None:None;False;a5573eb232ff85199ff9bb28993df715d9a19a25;
CVE-2018-1262;https://github.com/cloudfoundry/uaa;None:None;False;14c745aa293b8d3ce9cdd6bfbc6c0ef3f269b21,4178762a49f547534b13539ca65e1d370772c38;
CVE-2018-1263;https://github.com/spring-projects/spring-integration-extensions;None:None;False;d10f537283d90eabd28af57ac97f860a3913bf9b;
CVE-2018-12691;https://github.com/opennetworkinglab/onos;None:None;False;4b931a988e2f6b547769ba70c815aaea4fe6b5d0;
CVE-2018-1270;https://github.com/spring-projects/spring-framework;None:None;False;1db7e02de3eb0c011ee6681f5a12eb9d166fea8,e0de9126ed8cf25cf141d3e66420da94e350708;
CVE-2018-1271;https://github.com/spring-projects/spring-framework;None:None;False;98ad23bef8e2e04143f8f5b201380543a8d8c0c,f59ea610dfcf55cd0b42f6dd76a9b3dab0218aa,0e28bee0f155b9bf240b4bafc4646e4810cb23f,13356a7ee2240f740737c5c83bdccdacc30603a,91b803a2310344d925e5d4b1709bbcea9037554;
CVE-2018-1272;https://github.com/spring-projects/spring-framework;None:None;False;ab2410c754b67902f002bfcc0c3895bd7772d39;
CVE-2018-1273;https://github.com/spring-projects/spring-data-commons;None:None;False;ae1dd2741ce06d44a0966ecbd6f47beabde2b65;
CVE-2018-1274;https://github.com/spring-projects/spring-data-commons;None:None;False;371f6590c509c72f8e600f3d05e110941607fba;
CVE-2018-1275;https://github.com/spring-projects/spring-framework;None:None;False;1db7e02de3eb0c011ee6681f5a12eb9d166fea8;
CVE-2018-1282;https://github.com/apache/hive;None:None;False;63df42966cf44ffdd20d3fcdcfb70738c0432ab;
CVE-2018-1284;https://github.com/apache/hive;None:None;False;b0a58d245875dc1b3ac58a7cf1a61d3b17805e96;
CVE-2018-1295;https://github.com/apache/ignite;None:None;False;340569b8f4e14a4cb61a9407ed2d9aa4a20bdf49;
CVE-2018-12972;https://github.com/OpenTSDB/opentsdb;None:None;False;a6a9ec4bc8a526951bc25bb19a145782bafaa8b0;
CVE-2018-1298;https://github.com/apache/qpid-broker-j;None:None;False;30ca170c42c400b41340a81c6a69d33aa19bf189,4b9fb37abbe882193b16595ed7b8e9d8383f59e1,de509dd955229a395c086a7cca874dc55306648a;
CVE-2018-1304;https://github.com/apache/tomcat;None:None;False;723ea6a5bc5e7bc49e5ef84273c3b3c164a6a4fd;
CVE-2018-1305;https://github.com/apache/tomcat;None:None;False;3e54b2a6314eda11617ff7a7b899c251e222b1a1,4d637bc3986e5d09b9363e2144b8ba74fa6eac3a;
CVE-2018-1306;https://github.com/apache/portals-pluto;None:None;False;89f6a59a740d0a8318640ca6015e9a381c5c6b50;
CVE-2018-1308;https://github.com/apache/lucene-solr;None:None;False;02c693f3713add1b4891cbaa87127de3a55c10f;
CVE-2018-1309;https://github.com/apache/nifi;None:None;False;28067a29fd13cdf8e21b440fc65c6dd67872522f;
CVE-2018-1317;https://github.com/apache/zeppelin;None:None;False;eb7969b0c60bc82658e3033ba7a40741b7204fce;
CVE-2018-1321;https://github.com/apache/syncope;None:None;False;ad31479c1c543ac7d26b8c882aa14f6c00c1fd0;
CVE-2018-1322;https://github.com/apache/syncope;None:None;False;44a5ca0fbd357b8b5d81aa9313fb01cca30d8ad;
CVE-2018-1324;https://github.com/apache/commons-compress;None:None;False;2a2f1dc48e22a34ddb72321a4db211da91aa933b;
CVE-2018-1325;https://github.com/sebfz1/wicket-jquery-ui;None:None;False;22e414d693e8ef679ac6da38107fbc118a63f00;
CVE-2018-1327;https://github.com/apache/struts;None:None;False;67ecf3a21608e20449bcb7895b22204b400fecd4;
CVE-2018-1331;https://github.com/apache/storm;None:None;False;8ffa920d3894634aa078f0fdf6b02d270262caf;
CVE-2018-1335;https://github.com/apache/tika;None:None;False;5d983aad0b68a228f180686a4135ed8c7cd589f1,b2d3932b847a171a85e356aa230af461a0f80d91,d1bc09386405d28d6b0f0a29ce8c3e7efd72d6c7,e82c2efd2b1ac731b6954634741b70ecf0ed6f01,ffb48dd29d0c2009490caefda75e5b57c7958c51,302f22aff7a836868b270038e1d66002a2004869,4fdc51a40bf9532d7db57d0b08c1aec3931468ad;
CVE-2018-1336;https://github.com/apache/tomcat;None:None;False;92cd494555598e99dd691712e8ee426a2f9c2e93;
CVE-2018-1337;https://github.com/apache/directory-ldap-api;None:None;False;075b70a733d7af150b3d85684149ff5f029f7fd;
CVE-2018-14371;https://github.com/eclipse-ee4j/mojarra;None:None;False;1b434748d9239f42eae8aa7d37d7a0930c061e24;
CVE-2018-14627;https://github.com/wildfly/wildfly;None:None;False;883115ea2168343e870745f538a80b1ddc360914;
CVE-2018-14637;https://github.com/keycloak/keycloak;None:None;False;0fe0b875d63cce3d2855d85d25bb8757bce13eb1;
CVE-2018-14642;https://github.com/undertow-io/undertow;None:None;False;c46b7b49c5a561731c84a76ee52244369af1af8;
CVE-2018-14658;https://github.com/keycloak/keycloak;None:None;False;a957e118e6efb35fe7ef3a62acd66341a6523cb7;
CVE-2018-15756;https://github.com/spring-projects/spring-framework;None:None;False;c8e320019ffe7298fc4cbeeb194b2bfd6389b6d;
CVE-2018-15758;https://github.com/spring-projects/spring-security-oauth;None:None;False;4082ec7ae3d39198a47b5c803ccb20dacefb0b0;
CVE-2018-15761;https://github.com/cloudfoundry/uaa;None:None;False;3f0730a015d10166de23b7e036743c185f0576a6,95b7d9e7fae534a362b98de1df5bf501cd52c481;
CVE-2018-15801;https://github.com/spring-projects/spring-security;None:None;False;c70b65c5df0e170a2d34d812b83db0b7bc71ea25;
CVE-2018-17184;https://github.com/apache/syncope;None:None;False;73aed0a741b1255f45893e3cada650147335073;
CVE-2018-17186;https://github.com/apache/syncope;None:None;False;a0f35f45f8ca5c98853ae8477fb2db81a84709a;
CVE-2018-17192;https://github.com/apache/nifi;None:None;False;dbf259508c2b8e176d8cb837177aaadbf44f0670;
CVE-2018-17193;https://github.com/apache/nifi;None:None;False;e62aa0252dfcf34dff0c3a9c51265b1d0f9dfc9f;
CVE-2018-17194;https://github.com/apache/nifi;None:None;False;748cf745628dab20b7e71f12b5dcfe6ed0bbf134;
CVE-2018-17195;https://github.com/apache/nifi;None:None;False;246c090526143943557b15868db6e8fe3fb30cf6;
CVE-2018-17196;https://github.com/apache/kafka;None:None;False;59a0cbb98cef10ddf62d294670aa2e4eb9f8cf8c;
CVE-2018-17197;https://github.com/apache/tika;None:None;False;0c49c851979163334ea05cbebdd11ff87feba62d;
CVE-2018-17198;https://github.com/apache/roller;None:None;False;26764874bd1c33f3967baf74818422b6d5d8f227;
CVE-2018-17201;https://github.com/apache/commons-imaging;None:None;False;f5574bfe285edd79207fe8c30f53cb0af06e26bb;
CVE-2018-17202;https://github.com/apache/commons-imaging;None:None;False;6a79d35d6654d895d0a4b73b3a9282ec9aaeeb06;
CVE-2018-17297;https://github.com/looly/hutool;None:None;False;8d7d0b7fb5ea4f7447b40131bffc1ec506a6528e,9f8a801c7b98b75ee681c0988e1a58bcfdc21756,fed1a1f747a9308e2f65f8dbbff05ce62478ecc0;
CVE-2018-17785;https://github.com/blynkkk/blynk-server;None:None;True;806bc7847a687203a904d24feb1a0278de889e62;
CVE-2018-17796;https://github.com/wuweiit/mushroom;None:None;False;8b67e2d88ca8040577248491a5e6e9c806184522;
CVE-2018-18389;https://github.com/neo4j/neo4j;None:None;False;46de5d01ae2741ffe04c36270fc62c6d490f65c9;
CVE-2018-18531;https://github.com/penggle/kaptcha;None:None;False;b73a2123ad911b7df4eb917a2126c6d9464e5a6d;
CVE-2018-18628;https://github.com/pippo-java/pippo;None:None;False;c6b26551a82d2dd32097fcb17c13c3b830916296;
CVE-2018-19413;https://github.com/SonarSource/sonarqube;None:None;False;7b567ba3d15ed7dd0b0bba0330686487e35af85c;
CVE-2018-19586;https://github.com/Silverpeas/Silverpeas-Core;None:None;False;3ca3103ebc0813a3b2b4bcb89ca12f5257696e2;
CVE-2018-19859;https://github.com/OpenRefine/OpenRefine;None:None;False;e243e73e4064de87a913946bd320fbbe246da656;
CVE-2018-1999020;https://github.com/opennetworkinglab/onos;None:None;False;4b19da6ce94de4865a365c200d6e8169ffb2184f;
CVE-2018-20000;https://github.com/Bedework/bw-webdav;None:None;False;ccb87c2757bab531c53faf0637ee342a378caa7f;
CVE-2018-20059;https://github.com/pippo-java/pippo;None:None;False;9f36e5891c0b11f840e1e1561ae96d83ba9ce759;
CVE-2018-20157;https://github.com/OpenRefine/OpenRefine;None:None;False;6a0d7d56e4ffb420316ce7849fde881344fbf881;
CVE-2018-20222;https://github.com/airsonic/airsonic;None:None;False;1a88f46c18066f61e11c6a95dccd3801ec4aec55;
CVE-2018-20227;https://github.com/eclipse/rdf4j;None:None;False;df15a4d7a8f2789c043b27c9eafe1b30316cfa79;
CVE-2018-20318;https://github.com/Wechat-Group/WxJava;None:None;False;6272639f02e397fed40828a2d0da66c30264bc0e;
CVE-2018-20433;https://github.com/swaldman/c3p0;None:None;False;7dfdda63f42759a5ec9b63d725b7412f74adb3e1;
CVE-2018-20580;https://github.com/SmartBear/soapui;None:None;False;429cb2142c536b40a52666d9efc72ec8e5e9235e,a4755e6b10c813c6efbe3b8e8a81a61027a8595a;
CVE-2018-21234;https://github.com/oblac/jodd;None:None;False;9bffc3913aeb8472c11bb543243004b4b4376f16;
CVE-2018-5382;https://github.com/bcgit/bc-java;None:None;False;81b00861cd5711e85fe8dce2a0e119f684120255;
CVE-2018-5968;https://github.com/FasterXML/jackson-databind;None:None;False;038b471e2efde2e8f96b4e0be958d3e5a1ff1d0;
CVE-2018-6331;https://github.com/facebook/buck;None:None;False;8c5500981812564877bd122c0f8fab48d3528ddf;
CVE-2018-7489;https://github.com/FasterXML/jackson-databind;None:None;False;ddfddfba6414adbecaff99684ef66eebd3a92e92,e8f043d1aac9b82eee907e0f0c3abbdea723a935,60d459cedcf079c6106ae7da2ac562bc32dcabe1,6799f8f10cc78e9af6d443ed6982d00a13f2e7d2;
CVE-2018-8008;https://github.com/apache/storm;None:None;False;0fc6b522487c061f89e8cdacf09f722d3f20589;
CVE-2018-8009;https://github.com/apache/hadoop;None:None;False;6d7d192e4799b51931e55217e02baec14d49607,cedc28d4ab2a27ba47e15ab2711218d96ec88d2;
CVE-2018-8012;https://github.com/apache/zookeeper;None:None;False;5a29daedeb5ac7e9e2af87ce1a7bbfad230d5c8;
CVE-2018-8014;https://github.com/apache/tomcat;None:None;False;d83a76732e6804739b81d8b2056365307637b42d;
CVE-2018-8015;https://github.com/apache/orc;None:None;False;d5018d309a8adc6b8e0567cb692a17371d16e108;
CVE-2018-8017;https://github.com/apache/tika;None:None;False;62926cae31a02d4f23d21148435804b96c543cc;
CVE-2018-8018;https://github.com/apache/ignite;None:None;False;82a7b8209fcf56971d12cb10410a38ed632215b;
CVE-2018-8025;https://github.com/apache/hbase;None:None;False;0c42acbdf86d08af3003105a26a2201f75f2e2c;
CVE-2018-8026;https://github.com/apache/lucene-solr;None:None;False;3aa6086ed99fa7158d423dc7c33dae6da466b09;
CVE-2018-8027;https://github.com/apache/camel;None:None;False;22c355bb4ffb500405499d189db30932ca5aac9,2c6964ae94d8f9a9c9a32e5ae5a0b794e8b8d3b,99cbcd78b7e64083fae1d9552ead7425a90994b;
CVE-2018-8030;https://github.com/apache/qpid-broker-j;None:None;False;025b48f3193e2b10b1c41d2bc3bcfc9cfc238a27;
CVE-2018-8034;https://github.com/apache/tomcat;None:None;False;2835bb4e030c1c741ed0847bb3b9c3822e4fbc8a;
CVE-2018-8037;https://github.com/apache/tomcat;None:None;False;ed4b9d791f9470e4c3de691dd0153a9ce431701b;
CVE-2018-8038;https://github.com/apache/cxf-fediz;None:None;False;b6ed9865d0614332fa419fe4b6d0fe81bc2e660d;
CVE-2018-8041;https://github.com/apache/camel;None:None;False;4580e4d6c65cfd544c1791c824b5819477c583c;
CVE-2018-8088;https://github.com/qos-ch/slf4j;None:None;False;c15d3c1dab0c3398011dec3a16ad3e45b75ae70d;
CVE-2018-9159;https://github.com/perwendel/spark;None:None;False;030e9d00125cbd1ad759668f85488aba1019c668,db45b5640ab577057e630b1c14bd537517aa5a29;
CVE-2019-0191;https://github.com/apache/karaf;None:None;False;e36a7a66fa08eb5eb253b2b0cec262ffbdef072;
CVE-2019-0193;https://github.com/apache/lucene-solr;None:None;False;325824cd391c8e71f36f17d687f52344e50e9715;
CVE-2019-0194;https://github.com/apache/camel;None:None;False;2d399aa6062fccd6af496bd776314d1944f7090,53185f0b221b899aacb3c379647a866a8f408a8;
CVE-2019-0199;https://github.com/apache/tomcat;None:None;False;1f80116084f7db68a34258e7702d47327d53516,2c5939e1db671c5087fc32c2472b453e3b13d78,65f4b6d18159b0d3368c42d68763769dfbcb385,69c57c8c5f7336b3ffefcc88fd49b51b8f5f4bf,738eef58a30f6d3ec9c9de707ba6491904fa579,cd9b2fbc54243b77d4dd93306298ecf0804e682,19bebdecbd82a3fce3187a14e0ac417ce8d9b60;
CVE-2019-0200;https://github.com/apache/qpid-broker-j;None:None;False;a1fbde2bac77c9305a4347876c6a27409361ec77,adb2a34306d67559ee81db155826dc67a02cc85e,94de25eb9fb8be6e6deba38a72afcf7b14ce1d0b;
CVE-2019-0201;https://github.com/apache/zookeeper;None:None;False;17c6b264f4e79ddb6e9d27b968d48456024d18c;
CVE-2019-0212;https://github.com/apache/hbase;None:None;False;18f07455ea9be4166dabb9b590f5a037374830b;
CVE-2019-0213;https://github.com/apache/archiva;None:None;False;a36035b49ba7d6514d6c386b51e1ad2512371b3d;
CVE-2019-0214;https://github.com/apache/archiva;None:None;False;796716d44183bd315dd20184a66b39ae533eb747;
CVE-2019-0221;https://github.com/apache/tomcat;None:None;False;44ec74;
CVE-2019-0225;https://github.com/apache/jspwiki;None:None;False;88d89d6523802c044cfcb7930cba40d8eeb21da2;
CVE-2019-0226;https://github.com/apache/karaf;None:None;False;fe3bc4108e5a8b3c804e5da91ec0d5695588eb25;
CVE-2019-0231;https://github.com/apache/mina;None:None;False;294b8ce638df6e237e819537b333e02853bb612;
CVE-2019-0232;https://github.com/apache/tomcat;None:None;False;5bc4e6;
CVE-2019-10072;https://github.com/apache/tomcat;None:None;False;0bcd69,8d14c6;
CVE-2019-10077;https://github.com/apache/jspwiki;None:None;False;87c89f0405d6b31fc165358ce5d5bc4536e32a8a;
CVE-2019-10078;https://github.com/apache/jspwiki;None:None;False;46cd981dfb431730da3f9249f5db858aacf11e52;
CVE-2019-10080;https://github.com/apache/nifi;None:None;False;75fb34c8ee4fd364fbfa81c433b2cc26304a33f7;
CVE-2019-10083;https://github.com/apache/nifi;None:None;False;a97766d62f067845869c44b39604851c7ca91d02;
CVE-2019-10086;https://github.com/apache/commons-beanutils;None:None;False;2412c90ba5584fed123fa6a33e752e6c8eaf74e9,4e410e068b8d367c53766a7da712b1b6f3fd8101,62e82ad92cf4818709d6044aaf257b73d42659a4;
CVE-2019-10087;https://github.com/apache/jspwiki;None:None;False;46cd981dfb431730da3f9249f5db858aacf11e52;
CVE-2019-10088;https://github.com/apache/tika;None:None;False;426be73b9e7500fa3d441231fa4e473de34743f6;
CVE-2019-10091;https://github.com/apache/geode;None:None;False;e57028fd62a2f5980ea6c9a7ab89ada06c828634;
CVE-2019-10093;https://github.com/apache/tika;None:None;False;81c21ab0aac6b3e4102a1a8906c8c7eab6f96dae;
CVE-2019-10094;https://github.com/apache/tika;None:None;False;426be73b9e7500fa3d441231fa4e473de34743f6;
CVE-2019-1010245;https://github.com/opennetworkinglab/onos;None:None;False;c6455baca3ad15813ffb4f2a78f56b897c9ee5b6;
CVE-2019-10173;https://github.com/x-stream/xstream;None:None;False;f38a1da3ae9491930c2067c12cd2506738b21dab;
CVE-2019-10174;https://github.com/infinispan/infinispan;None:None;False;a7dab68d194989aaa0b0aa0781cf8ee88fbe3439;
CVE-2019-10184;https://github.com/undertow-io/undertow;None:None;False;5fa7ac68c0e4251c93056d9982db5e794e04ebfa;
CVE-2019-10202;https://github.com/spring-projects/spring-security-oauth;None:None;False;21d14d9ec490f341fea34f6acafbbb9c6c784c24;
CVE-2019-10219;https://github.com/hibernate/hibernate-validator;None:None;False;124b7dd6d9a4ad24d4d49f74701f05a13e56ceee;
CVE-2019-10241;https://github.com/eclipse/jetty.project;None:None;False;b929f5c2db9faae0164d94a33f9ec919c78e7673,ca77bd384a2970cabbbdab25cf6251c6fb76cd21;
CVE-2019-10242;https://github.com/eclipse/kura;None:None;False;eb1f778e41bf8e7596c2a097fe54ada9dcd6a408;
CVE-2019-10243;https://github.com/eclipse/kura;None:None;False;4ce772e57eb939dd6c03d99fc12e434bb08b352d;
CVE-2019-10246;https://github.com/eclipse/jetty.project;None:None;False;3d028ab2ca76086a742bac7409a3620e81ec4791;
CVE-2019-10247;https://github.com/eclipse/jetty.project;None:None;False;b0f72a87d5b35ff0a814143fb1725f7c6fc4e0d7,d983890d1769744e7da865de7ff34065fe491a28,04c994712c0b29824633598cfe0bf709f3b96f09,5ef8a8abfa63b26a6f978200519730f964ebee0b,6d847d4a73b34b8c19f43dcf221eefe6859b7d55,99f3926d0546032814077cf0d0a684ed80e7bb08,9f506e4123b519adccb7df3599441f55daaff31e,a15534d72c0c8d84cb821c767343a91584a4fecb;
CVE-2019-10333;https://github.com/jenkinsci/electricflow-plugin;None:None;False;0a934493290773a953fa7b29c19b555971b1144b;
CVE-2019-10364;https://github.com/jenkinsci/ec2-plugin;None:None;False;550d633e6da563fa5929654248996d60dce03067;
CVE-2019-10462;https://github.com/jenkinsci/dynatrace-plugin;None:None;False;373adaa1161d59ccd4e5e3469a9b6aeec17968ae;
CVE-2019-10463;https://github.com/jenkinsci/dynatrace-plugin;None:None;False;b6e55709476d9f6dfaf75a4cd744fe1798868168;
CVE-2019-10648;https://github.com/robo-code/robocode;None:None;False;836c84635e982e74f2f2771b2c8640c3a34221bd;
CVE-2019-10754;https://github.com/apereo/cas;None:None;False;40bf278e66786544411c471de5123e7a71826b9f;
CVE-2019-10770;https://github.com/ratpack/ratpack;None:None;False;a3cbb13be1527874528c3b99fc33517c0297b6d3;
CVE-2019-10797;https://github.com/wso2/transport-http;None:None;False;4a4dc99c7b259646ee5e23b7aaa7c3a8bac959c1;
CVE-2019-10907;https://github.com/airsonic/airsonic;None:None;False;3e07ea52885f88d3fbec444dfd592f27bfb65647,268dc6e13dd1d84f309db3a4bd7d0d864c4b5bf1;
CVE-2019-10908;https://github.com/airsonic/airsonic;None:None;False;61c842923a6d60d4aedd126445a8437b53b752c8;
CVE-2019-11272;https://github.com/spring-projects/spring-security;None:None;False;b2d4fec3617c497c5a8eb9c7e5270e0c7db293ee;
CVE-2019-11274;https://github.com/cloudfoundry/uaa;None:None;False;a34f55fc97a81966faf21e3ae404ec24f1f31cf7;
CVE-2019-11282;https://github.com/cloudfoundry/uaa;None:None;False;157febfdebfd63708233b492f3271ceb1bd1eafc;
CVE-2019-11284;https://github.com/reactor/reactor-netty;None:None;False;656f9323bbc2a72a74b14d13fe767a7502bfd28f;
CVE-2019-11343;https://github.com/xjodoin/torpedoquery;None:None;False;3c20b874fba9cc2a78b9ace10208de1602b56c3f;
CVE-2019-11772;https://github.com/eclipse/openj9;None:None;False;f1244665be5ac08b1e16f6ed80574529a62392cb;
CVE-2019-11777;https://github.com/eclipse/paho.mqtt.java;None:None;False;a0bbf1e7da158ae191582f032343c6171e6a0b44;
CVE-2019-11808;https://github.com/ratpack/ratpack;None:None;False;f2b63eb82dd71194319fd3945f5edf29b8f3a42d;
CVE-2019-12395;https://github.com/webbukkit/dynmap;None:None;False;641f142cd3ccdcbfb04eda3059be22dd9ed93783;
CVE-2019-12399;https://github.com/apache/kafka;None:None;False;5d2a6dc531150423a40f77783a4a09e1b0f9017,921937ba3b897b9a16b806bab2111362064ff83,b85707c0fdb4c11448cdb5a1938e0488ddc9110,e20bc24909c22875d17c4a90d1d0c9c6608001b;
CVE-2019-12402;https://github.com/apache/commons-compress;None:None;False;4ad5d80a6272e007f64a6ac66829ca189a8093b9;
CVE-2019-12406;https://github.com/apache/cxf;None:None;False;6c3990144b56097502aa9f3ec9c06f303110902,fd85803a73ad46f36816bcb55ed1c4f4b4c4312;
CVE-2019-12415;https://github.com/apache/poi;None:None;False;2b8200f7d701ea6ff9638f629f0bd81d2e48410c;
CVE-2019-12416;https://github.com/apache/deltaspike;None:None;False;5383f44b117a31d9fc9fcd3c156e1e801e24aedd,beae6e12f64e1a0066c3add17a4bfcca2ee0fb2c;
CVE-2019-12418;https://github.com/apache/tomcat;None:None;False;1fc9f5,a91d7d,bef3f4;
CVE-2019-12419;https://github.com/apache/cxf;None:None;False;6bf89927d3e07197d49453b00d673eadce696cf,db6069667708a59c75a785f310d4a2df3698122,337609d81a9f53e7680cb79d9ab733a79f4cd76;
CVE-2019-12422;https://github.com/apache/shiro;None:None;False;a8018783373ff5e5210225069c9919e071597d5e;
CVE-2019-12423;https://github.com/apache/cxf;None:None;False;2de7e14eb95626fffef6f61365186de9a1c9de3,8b40fdba289c62f4defae51c1f76860f0159c44;
CVE-2019-12741;https://github.com/jamesagnew/hapi-fhir;None:None;False;8f41159eb147eeb964cad68b28eff97acac6ea9a;
CVE-2019-13990;https://github.com/quartz-scheduler/quartz;None:None;False;a1395ba118df306c7fe67c24fb0c9a95a4473140;
CVE-2019-14540;https://github.com/FasterXML/jackson-databind;None:None;False;73c1c2cc76e6cdd7f3a5615cbe3207fe96e4d3db,d4983c740fec7d5576b207a8c30a63d3ea7443de;
CVE-2019-14838;https://github.com/wildfly/wildfly-core;None:None;False;80e18b46f73f9d061d4150c66e6dc2fc1fd0bc41;
CVE-2019-15477;https://github.com/jooby-project/jooby;None:None;False;27b4af283de1a2c2a6b0530039b46eef75ddf655;
CVE-2019-16335;https://github.com/FasterXML/jackson-databind;None:None;False;73c1c2cc76e6cdd7f3a5615cbe3207fe96e4d3db;
CVE-2019-16771;https://github.com/line/armeria;None:None;False;b597f7a865a527a84ee3d6937075cfbb4470ed20;
CVE-2019-16869;https://github.com/netty/netty;None:None;False;017a9658c97ff1a1355c31a6a1f8bd1ea6f21c8,39cafcb05c99f2aa9fce7e6597664c9ed6a63a9;
CVE-2019-17359;https://github.com/bcgit/bc-java;None:None;False;33a8e4aa07b21a8bcf5a582446664485f5f081b2,b1bc75254f5fea633a49a751a1a7339056f97856;
CVE-2019-17513;https://github.com/ratpack/ratpack;None:None;False;efb910d38a96494256f36675ef0e5061097dd77d;
CVE-2019-17554;https://github.com/apache/olingo-odata4;None:None;False;5948974ad28271818e2afe747c71cde56a7f2c63;
CVE-2019-17555;https://github.com/apache/olingo-odata4;None:None;False;98d445a87447a5424cf5405a559708323f94d94f;
CVE-2019-17556;https://github.com/apache/olingo-odata4;None:None;False;db50f59689155d8055e268863689771c3536d0e0;
CVE-2019-17558;https://github.com/apache/lucene-solr;None:None;False;128360856d50d7b39473644e6c1c21ba11766195,212593d3624f9a85401a55833bc725d47a0cc543,50e8cea918062780299b2be1343a59a8bc7eb594,6a72b81ed308b56d7a5dae1fd42e811924572763;
CVE-2019-17563;https://github.com/apache/tomcat;None:None;False;e19a20,1ecba1,ab72a1;
CVE-2019-17566;https://github.com/apache/xmlgraphics-batik;None:None;False;bc6078ca949039e2076cd08b4cb169c84c1179b1;
CVE-2019-17569;https://github.com/apache/tomcat;None:None;False;060ecc,959f1d,b191a0;
CVE-2019-17572;https://github.com/apache/rocketmq;None:None;False;f8f6fbe4aa7f5dee937e688322628c366b12a552;
CVE-2019-17573;https://github.com/apache/cxf;None:None;False;a02e96ba1095596bef481919f16a90c5e80a92c,ffee603ae648c25f6ce5aa01b92c3aa57ebd568;
CVE-2019-17632;https://github.com/eclipse/jetty.project;None:None;False;cf0df6e3ffdcd64d607a35488edb5b0b75350d33;
CVE-2019-17633;https://github.com/eclipse/che;None:None;False;a8ce4435e3ffe9985116999f8dfae1b883548acf;
CVE-2019-17638;https://github.com/eclipse/jetty.project;None:None;False;ff8ae56fa939c3477a0cdd1ff56ce3d902f08fba;
CVE-2019-18362;https://github.com/JetBrains/MPS;None:None;False;0e9dd189cb97900fb6a665bb67c669456b4553f3;
CVE-2019-18394;https://github.com/igniterealtime/Openfire;None:None;False;e6a9db94f684056ced0d5e5a4291c89488fbeecc;
CVE-2019-19135;https://github.com/eclipse/milo;None:None;False;cac0e710bf2b8bed9c602fc597e9de1d8903abed;
CVE-2019-20445;https://github.com/netty/netty;None:None;False;ac76a24ff6d3cd0f59a2833c2f83eb82184ecaeb;
CVE-2019-3772;https://github.com/spring-projects/spring-integration;None:None;False;59c69ed40d3755ef59f80872e0ea711adbb13620;
CVE-2019-3773;https://github.com/spring-projects/spring-ws;None:None;False;1f05307d61d525ed74a7d6d70a2a3b132948cdfc;
CVE-2019-3774;https://github.com/spring-projects/spring-batch;None:None;False;8dc3bb7d3c3d0b1487e3ef3dcbdebda865d2b20e;
CVE-2019-3775;https://github.com/cloudfoundry/uaa;None:None;False;daeedbe499453b06856556f5e9f7e80d2d1ceb03;
CVE-2019-3778;https://github.com/spring-projects/spring-security-oauth;None:None;False;da157a89402eeb2d5d071db3558c3b417bfc3ed;
CVE-2019-3787;https://github.com/cloudfoundry/uaa;None:None;False;3a7749a6d327cacbc7bf93cd50a0e2dee0b935ba;
CVE-2019-3788;https://github.com/cloudfoundry/uaa;None:None;False;31f85da7dafe569dd386fca092670847cbfca3aa,7ffadabf7a9084bd613b59f048b355c27723037a,83d4b9fa418b8144272b3727a6a70d06997b5680;
CVE-2019-3795;https://github.com/spring-projects/spring-security;None:None;False;1304c958bf9c38940082f3ad1558d413ed82f2b;
CVE-2019-3797;https://github.com/spring-projects/spring-data-jpa;None:None;False;9b16fef6e9a1c8f4352cb979df8ef4a9336d655,ee39e8863bb43b63e34fe9ac6ec9b864cd8afca,16661f7e7e28f8ea8585a0402bd91eb6721ce55,417202db8e1714bdca1bd57879634866934c6f5;
CVE-2019-3799;https://github.com/spring-cloud/spring-cloud-config;None:None;False;9617f2922ee2ae27f08676716224933f0d869719;
CVE-2019-3802;https://github.com/spring-projects/spring-data-jpa;None:None;False;c4baa0df0cbb76ae1c56795c40f3e2715e89f5e,d5f88165069fb53c3d034559cc2873e9a9a9563;
CVE-2019-3875;https://github.com/keycloak/keycloak;None:None;False;a48698caa32933458916980ab05256f56099a337;
CVE-2019-3888;https://github.com/undertow-io/undertow;None:None;False;9bf05b765e222dd106fee9b46314061b18b7275e;
CVE-2019-5312;https://github.com/Wechat-Group/WxJava;None:None;False;8ec61d1328f50e23cd14285a950ca57a088b32b2;
CVE-2019-5427;https://github.com/swaldman/c3p0;None:None;False;f38f27635c384806c2a9d6500d80183d9f09d78b;
CVE-2019-5475;https://github.com/sonatype/nexus-public;None:None;False;7b9939e71693422d3e09adc3744fa2e9b3a62a63;
CVE-2019-6002;https://github.com/line/centraldogma;None:None;False;25fcbbd098f69236b115f27c6b6de6b4e44f3103;
CVE-2019-7619;https://github.com/elastic/elasticsearch;None:None;False;9964d89dd5d67cf72a85eb48d76347f09bd875f;
CVE-2019-9512;https://github.com/netty/netty;None:None;False;cecb46a3dd1737cef38ae49ad5f57ac7a1b2faaa;
CVE-2019-9514;https://github.com/netty/netty;None:None;False;cecb46a3dd1737cef38ae49ad5f57ac7a1b2faaa;
CVE-2019-9515;https://github.com/netty/netty;None:None;False;cecb46a3dd1737cef38ae49ad5f57ac7a1b2faaa;
CVE-2019-9518;https://github.com/netty/netty;None:None;False;7003dbdc0801fd65b75700acb2cf77044075ff8c;
CVE-2019-9827;https://github.com/hawtio/hawtio;None:None;False;e653dd5733859daf8061bd0cddca2c4c5dcba56e;
CVE-2020-10244;https://github.com/paseto-toolkit/jpaseto;None:None;False;4822e2dcf0d449688ce454e7f614e925ad092265;
CVE-2020-10591;https://github.com/walmartlabs/concord;None:None;False;ab32c17f85200545ed6376badc528c7df95f5adb;
CVE-2020-10683;https://github.com/dom4j/dom4j;None:None;False;a822852;
CVE-2020-10686;https://github.com/keycloak/keycloak;None:None;False;5ddd605ee96b8551c7eb00b609a0b97939925b77;
CVE-2020-10705;https://github.com/undertow-io/undertow;None:None;False;64bbaeb7cdf67799e1962475534f889f958edea3,aa5e1fe11fec75032f14f0ae23e586f4cf3a3365,b53d4589c586e8bbdcc89ed60f32cd7977e9a4f4;
CVE-2020-10714;https://github.com/wildfly-security/wildfly-elytron;None:None;False;34e897b69b2dca907bba3357af5c20a29a9c4f9e;
CVE-2020-10719;https://github.com/undertow-io/undertow;None:None;False;30b029f3b523e12f76566e834d64a9b9a36547f5,64bbaeb7cdf67799e1962475534f889f958edea3,aa5e1fe11fec75032f14f0ae23e586f4cf3a3365,b53d4589c586e8bbdcc89ed60f32cd7977e9a4f4;
CVE-2020-10727;https://github.com/apache/activemq-artemis;None:None;False;ed7fee6d9cd94177dae30f2440e8bd07ddb5522a;
CVE-2020-11002;https://github.com/dropwizard/dropwizard;None:None;False;74e211514db951a67b0e9ff75b0102704d4b204,d5a512f7abf965275f2a6b913ac4fe778e42424;
CVE-2020-11006;https://github.com/shopizer-ecommerce/shopizer;None:None;False;bd8c86c94b7ffc420d94286b25b0c5cc51afda1a;
CVE-2020-11007;https://github.com/shopizer-ecommerce/shopizer;None:None;False;929ca0839a80c6f4dad087e0259089908787ad2a;
CVE-2020-11050;https://github.com/TooTallNate/Java-WebSocket;None:None;False;2dbe2d3c4a3ba63a0132a256ccefbfceb69531c9;
CVE-2020-11057;https://github.com/xwiki/xwiki-platform;None:None;False;6d0c3283264cb03c649425b1ef26b007296c4b5,86db078bf1ae3eb49ba5308f55bf3f9a3864e91,dc0fa65fa1c55360dd428106ded5934e7caa59b;
CVE-2020-11612;https://github.com/netty/netty;None:None;False;fa7e69bf30aea2ed11fb93806771a5688b8378f0;
CVE-2020-11969;https://github.com/apache/tomee;None:None;False;17168ad95e35f1758e16364c2398dea10a4034d,5db25b2850b7bd29d3311c623c7ee2ed5cbb574,6e4c385b9a675c853a539c6b4a0b4d8d9be190c;
CVE-2020-11971;https://github.com/apache/camel;None:None;False;b954402272ddcfbb45dc1495520f920e70cc041c;
CVE-2020-11972;https://github.com/apache/camel;None:None;False;26f7d74755c436513719147f6bafb6f06c655a9,7c8a2785b11e705cb5445fde1cebd3eff3d53b1,94b2c15247c83f233e4dd7870a526113ead9476,c7d6a6bfd8d9bf2ee17a7d40897b1ce4574f410;
CVE-2020-11973;https://github.com/apache/camel;None:None;False;28104c45df424730006a90c52cafda8f7dbcd303;
CVE-2020-11975;https://github.com/apache/unomi;None:None;False;823386ab117d231df15eab4cb4b7a98f8af546c,3d15022e4b52a2fcc0912ef6c259c3905d4f374,789ae8e820c507866b9c91590feebffa4e996f5;
CVE-2020-11976;https://github.com/apache/wicket;None:None;False;d43c68c0126306021a12afbfe7876a36612fbbc3;
CVE-2020-11980;https://github.com/apache/karaf;None:None;False;3e4c4bed2d08e81ca5961ab5fcadab23470db1c,2ccfba48bdfac6c2cd09c8f058641da0011e4c7;
CVE-2020-11989;https://github.com/apache/shiro;None:None;False;b90f91875e5e18c4805013c2fa0567b1700f5a96;
CVE-2020-11996;https://github.com/apache/tomcat;None:None;False;9434a44d3449d620b1be70206819f8275b4a750,9a0231683a77e2957cea0fdee88b193b30b0c97,c8acd2ab7371e39aeca7c306f3b5380f00afe55;
CVE-2020-11998;https://github.com/apache/activemq;None:None;False;aa8900ca70e6f9422490c1a03627400375d3ff83;
CVE-2020-12480;https://github.com/playframework/playframework;None:None;False;681d8ee3f785a6105b0595d8f10a8ee5718e6d7b;
CVE-2020-12719;https://github.com/wso2/carbon-analytics-common;None:None;False;a519819c9a3a9beed3721b043711bb1eb5c07897;
CVE-2020-13692;https://github.com/pgjdbc/pgjdbc;None:None;False;14b62aca4764d496813f55a43d050b017e01eb65;
CVE-2020-13883;https://github.com/wso2/carbon-governance;None:None;False;6b4fa36fd52494950eac42f5ea87b5138942d213;
CVE-2020-13920;https://github.com/apache/activemq;None:None;False;48cd61dda07c1ef212d0e9dce5a4398983faf79,58382283330f7c7b110c7afd8ef4ca264878653;
CVE-2020-13921;https://github.com/apache/skywalking;None:None;False;fb7912c6bdda06a233f4b3e18e71a87d3e4a8951;
CVE-2020-13933;https://github.com/apache/shiro;None:None;False;fdddd7cb982d9be69ea6b74bbe183fa47a22e5e,83d8dacd273c8f6d70e6b1aa4f240d4f7a408c2;
CVE-2020-13934;https://github.com/apache/tomcat;None:None;False;c9167ae30f3b03b112f3d81772e3450b7d0e6a2,172977f04a5215128f1e278a688983dcd230f39,923d834500802a61779318911d7898bd85fc950;
CVE-2020-13935;https://github.com/apache/tomcat;None:None;False;12d715676038efbf9c728af10163f8277fc019d,1c1c77b0efb667cea80b532440b44cea1dc427c,40fa74c74822711ab878079d0a69f7357926723;
CVE-2020-13941;https://github.com/apache/lucene-solr;None:None;False;49a3f0a11d41f7124b893a08dc9e67594c32e2e,b52bf267c7aa528b282d09c637344650f903495;
CVE-2020-13946;https://github.com/apache/cassandra;None:None;False;63f4da90c3c51d230c535265786dbc7a33c1ace9,d28f769fc6dae2ddbc150723a4069c765fc80c08;
CVE-2020-13954;https://github.com/apache/cxf;None:None;False;dc6229b0272d39065393677ee607be9ca3b0d216;
CVE-2020-13973;https://github.com/OWASP/json-sanitizer;None:None;False;f3512bab078af3f5c533dacc2d410add8c0c1124;
CVE-2020-1695;https://github.com/resteasy/Resteasy;None:None;False;acf15f2a8067f7e4cf5838342cecfa0b78a174fb;
CVE-2020-1697;https://github.com/keycloak/keycloak;None:None;False;75457496325c4ae8963199a318d834d6a5eaad16;
CVE-2020-1698;https://github.com/keycloak/keycloak;None:None;False;62c9e1577618470832ede22dcedd46cba15b1836;
CVE-2020-1727;https://github.com/keycloak/keycloak;None:None;False;2f489a41ebd06eb14197f8a66afae86ac1397f42;
CVE-2020-1729;https://github.com/smallrye/smallrye-config;None:None;False;fb0def6f61c09a2a80c9145e4ec6521225cd0b99;
CVE-2020-1744;https://github.com/keycloak/keycloak;None:None;False;9474dd6208c01166b6144bea3ac2b6fe9f5c30f4;
CVE-2020-1745;https://github.com/undertow-io/undertow;None:None;False;e60e04f4e9bab49f406c8c57770c4a1bbbc37067;
CVE-2020-1758;https://github.com/keycloak/keycloak;None:None;False;97b565469058cacac6d2559b2cff37effcca2cfd;
CVE-2020-1925;https://github.com/apache/olingo-odata4;None:None;False;9f9aebde557b791f275d6156d8bec12ac334425d;
CVE-2020-1928;https://github.com/apache/nifi;None:None;False;34f2a592df8996b5f9e65039a35ecd8c31417fbd;
CVE-2020-1929;https://github.com/apache/beam;None:None;False;a7dd23d95d2d214b4110781b5a28802bd43b834b;
CVE-2020-1933;https://github.com/apache/nifi;None:None;False;34f2a592df8996b5f9e65039a35ecd8c31417fbd;
CVE-2020-1935;https://github.com/apache/tomcat;None:None;False;8fbe2e,702bf1,8bfb0f;
CVE-2020-1937;https://github.com/apache/kylin;None:None;False;1f9f44ceb818b46518176e81c6dea5a0d12750c,e373c64c96a54a7abfe4bccb82e8feb60db0474;
CVE-2020-1938;https://github.com/apache/tomcat;None:None;False;0d633e,49ad3f,f7180b,b96283,64fa5b,69c560,7a1406,9ac905,0e8a50,5a5494f,64159a,b99fba,03c436,40d5d9,9be576;
CVE-2020-1942;https://github.com/apache/nifi;None:None;False;95746d346cddbd6134c4b28fdc39d5813a626f97,d7c29f46378379fb596e4d1e59d1a3c41063db5b;
CVE-2020-1945;https://github.com/apache/ant;None:None;False;9c1f4d905da59bf446570ac28df5b68a37281f35;
CVE-2020-1950;https://github.com/apache/tika;None:None;False;750d7790c7d8ba766f2794fac79521d5870eadf,ab8a9ed830ec710a32e4ffdf4989aea3aaea92e;
CVE-2020-1952;https://github.com/apache/incubator-iotdb;None:None;False;75410799e57e97ad2b6af0b9a0073830611bb610;
CVE-2020-1953;https://github.com/apache/commons-configuration;None:None;False;add7375cf37fd316d4838c6c56b054fc293b4641;
CVE-2020-1954;https://github.com/apache/cxf;None:None;False;98ec361acd390483005de12ca3b10cf49cbdcf8,1cf4fed546904a4a2560f53a2a2391d834b4026,8636c3760a97979f42e45080230a27b81df5d43;
CVE-2020-1956;https://github.com/apache/kylin;None:None;False;58fad56ac6aaa43c6bd8f962d7f2d84438664092,9cc3793ab2f2f0053c467a9b3f38cb7791cd436a;
CVE-2020-1957;https://github.com/apache/shiro;None:None;False;3708d7907016bf2fa12691dff6ff0def1249b8ce,c7c9c57d69a180dce679c5f26d4f6db64b250a7e;
CVE-2020-1958;https://github.com/apache/druid;None:None;False;dbaabdd24710fef726c5730c609937706f456a44;
CVE-2020-1960;https://github.com/apache/flink;None:None;False;48ca13793825a8095578ddc5724da4178cd18c5,5e0b7970a9aea74aba4ebffaa75c37e960799b9,804ae70024bf8be7c0c7093d02addb080c31866,a61b5d2b362d11e7b9deeb2334d275325574bd7,0e8e8062bcc159e9ed2a0d4a0a61db4efcb01f2,12787eceb49c566b28aa876fc2892d21a0ec3d7,4f06bb75cd726096af43587ca4fb182b2e4bae2,58b58f4b16a2e25c95b465377d43a51ad8ef3f6,b8647b1ca019003ae939b7494bba4e54de167b6,d2a051267ffbeef5c1fd981860fb7032d9ac8a6,f9b4e0dea71abbcd6463c757577c70c45b3e6bb;
CVE-2020-1961;https://github.com/apache/syncope;None:None;False;e07263dedad7ed44e188abb11260fa3061afadc4;
CVE-2020-1963;https://github.com/apache/ignite;None:None;False;02b0439639a9dab264cdb3ed4081c231e0079c13;
CVE-2020-25020;https://github.com/joniles/mpxj;None:None;False;0d830e8cbe5213968abb1bcb1c816ca2ee00aa53;
CVE-2020-25021;https://github.com/rweather/noise-java;None:None;False;18e86b6f8bea7326934109aa9ffa705ebf4bde90;
CVE-2020-25022;https://github.com/rweather/noise-java;None:None;False;18e86b6f8bea7326934109aa9ffa705ebf4bde90;
CVE-2020-25023;https://github.com/rweather/noise-java;None:None;False;18e86b6f8bea7326934109aa9ffa705ebf4bde90;
CVE-2020-36282;https://github.com/rabbitmq/rabbitmq-jms-client;None:None;False;7cd5d06a4d3520baf50adf38cc5b8b34cbfbc4ab;
CVE-2020-36518;https://github.com/FasterXML/jackson-databind/;None:None;False;fcfc4998ec23f0b1f7f8a9521c2b317b6c25892b;
CVE-2020-4070;https://github.com/w3c/css-validator;None:None;False;e5c09a9119167d3064db786d5f00d730b584a53b;
CVE-2020-5206;https://github.com/opencast/opencast;None:None;False;b157e1fb3b35991ca7bf59f0730329fbe7ce82e8;
CVE-2020-5222;https://github.com/opencast/opencast;None:None;False;1a7172c95af8d542a77ae5b153e4c834dd4788a6;
CVE-2020-5229;https://github.com/opencast/opencast;None:None;False;32bfbe5f78e214e2d589f92050228b91d704758e;
CVE-2020-5230;https://github.com/opencast/opencast;None:None;False;bbb473f34ab95497d6c432c81285efb0c739f317;
CVE-2020-5242;https://github.com/openhab/openhab-addons;None:None;False;4c4cb664f2e2c3866aadf117d22fb54aa8dd0031;
CVE-2020-5245;https://github.com/dropwizard/dropwizard;None:None;False;d87d1e4f8e20f6494c0232bf8560c961b46db634;
CVE-2020-5289;https://github.com/yahoo/elide;None:None;False;7239e47eca00226550300e5e67cdabbf12145ef0;
CVE-2020-5397;https://github.com/spring-projects/spring-framework;None:None;False;bc7d01048579430b4b2df668178809b63d3f1929;
CVE-2020-5398;https://github.com/spring-projects/spring-framework;None:None;False;956ffe68587c8d5f21135b5ce4650af0c2dea933;
CVE-2020-5402;https://github.com/cloudfoundry/uaa;None:None;False;565b848a4cd07e86fd63c3d013b419cc7796e699;
CVE-2020-5403;https://github.com/reactor/reactor-netty;None:None;False;dfb71cf9f20d46754c7166690d4ca7de4ef3ad8e;
CVE-2020-5404;https://github.com/reactor/reactor-netty;None:None;False;c6f7e48c83b36975024e3bd3f828a8c83c651e41;
CVE-2020-5405;https://github.com/spring-cloud/spring-cloud-config;None:None;False;4c7b8dfc7edaacb76a77e0c6ef9a5cfc200e3d02;
CVE-2020-5407;https://github.com/spring-projects/spring-security;None:None;False;69b1bc62ffe7c1e1bbf508951efa1e0235954198;
CVE-2020-5408;https://github.com/spring-projects/spring-security;None:None;False;c2296b0376d749aec43a1d68667d39116ccf3bf,d1909ec9c8844cfa6b63bab5c2591f14d714ef6,3c81e122bdfcd0803fb6331a8625624cae24923,564d5644c993f622db8bc22737471c57dd08d16,62bc17ea3f2d5f052a7e9ce8e909255668034c0;
CVE-2020-5410;https://github.com/spring-cloud/spring-cloud-config;None:None;False;03eaadc25323d8c8c89f528e8585033ed90c50f,2ec1acbed9505ab58d275ecd48e5f610d4b25da,f470b52f1bb52bedac984c2101bea9a3ac52e2e;
CVE-2020-5411;https://github.com/spring-projects/spring-batch;None:None;False;6d7d2927ddcd8c7ddd902fa1196b1e780c0d70ea;
CVE-2020-5412;https://github.com/spring-cloud/spring-cloud-netflix;None:None;False;624bbc8b50f7b5b6a1addc62040e4f2587f24f1,a9f0315aad10fed83d98e5d143a82a5bf859c54;
CVE-2020-5421;https://github.com/spring-projects/spring-framework;None:None;False;bdcb189e50ec3280231d8b5431d3e13ea018c608,2f75212eb667a30fe2fa9b5aca8f22d5e255821f;
CVE-2020-7009;https://github.com/elastic/elasticsearch;None:None;False;1c5f53076b625c44111c1e9430dc36327a08858,6f59ef267b2c3567754f8bea87daafc34cd9bd5,7f21ade92407c5c65d2bd83a42e752838acdde5;
CVE-2020-7019;https://github.com/elastic/elasticsearch;None:None;False;011773c8c2a662a011de659806bcf34596ba995,37a38081ec1bf375ce6d480f147a1fdf04e9538,8dbcd49dc71f0bb9b78b19a4cfb84af599b9c32;
CVE-2020-7226;https://github.com/vt-middleware/cryptacular;None:None;False;311baf12252abf21947afd07bf0a0291ec3ec796;
CVE-2020-7238;https://github.com/netty/netty;None:None;False;ac76a24ff6d3cd0f59a2833c2f83eb82184ecaeb;
CVE-2020-7611;https://github.com/micronaut-projects/micronaut-core;None:None;False;9d1eff5c8df1d6cda1fe00ef046729b2a6abe7f1,6deb60b75517f80c57b42d935f07955c773b766d;
CVE-2020-7622;https://github.com/jooby-project/jooby;None:None;False;b66e3342cf95205324023cfdf2cb5811e8a6dcf4;
CVE-2020-7692;https://github.com/googleapis/google-oauth-java-client;None:None;False;13433cd7dd06267fc261f0b1d4764f8e3432c824;
CVE-2020-9296;https://github.com/Netflix/conductor;None:None;False;375f8d8b708a801647c327e0848b30d34f804edd;
CVE-2020-9297;https://github.com/Netflix/titus-control-plane;None:None;False;0ac45cbe0b52b9b2e9d9d2217310ddb384353227;
CVE-2020-9480;https://github.com/apache/spark;None:None;False;9416b7c54bdf5613c1a65e6d1779a87591c6c9b,c80d5f7aa0fd9e7b37e1bf4175204750098a44a;
CVE-2020-9483;https://github.com/apache/skywalking;None:None;False;4ce2e9e87398efcee4b646af1143f4dc2ae10dc7;
CVE-2020-9488;https://github.com/apache/logging-log4j2;None:None;False;6851b5,fb91a3;
CVE-2020-9489;https://github.com/apache/tika;None:None;False;333d9906153f0a5e69883e78bc5a780da6bf8df0,57193f5191368311e0334766e366f6f77b4d15a8,8e2eb05292bc35503a3d82a908c426854e23ac83,f7f1be6ae18bc5a48701dc47d1378ceb8d7bbc67,f9607f976b2135745dec811b01fbf978836807a9;
CVE-2021-22118;https://github.com/spring-projects/spring-framework;None:None;False;0d0d75e25322d8161002d861fff3ec04ba8be5ac,cce60c479c22101f24b2b4abebb6d79440b120d1;
CVE-2021-22696;https://github.com/apache/cxf;None:None;False;7d5d2c7a019dd1e1d0566daf9f1ed5b7b0dd66b7;
CVE-2021-27582;https://github.com/mitreid-connect/OpenID-Connect-Java-Spring-Server;None:None;False;7eba3c12fed82388f917e8dd9b73e86e3a311e4c;
CVE-2021-29425;https://github.com/apache/commons-io;None:None;False;2736b6fe0b3fa22ec8e2b4184897ecadb021fc78;
CVE-2021-30468;https://github.com/apache/cxf;None:None;False;4aede7c6a083c65299ec0465d26b1c29b8124eef;
CVE-2021-33037;https://github.com/apache/tomcat;None:None;False;be8f733b8c51156c5d9c1a1e5530df9e0730f0a7,c3bd168427cadc1b860791c1f2204fe03c2cb740,1692e4e5b1cf810187c5a323e4f4718264519527;
CVE-2021-44228;https://github.com/apache/logging-log4j2;None:None;False;001aaada7dab82c3c09cde5f8e14245dc9d8b454,c77b3cb39312b83b053d23a2158b99ac7de44dd3,bac0d8a35c7e354a0d3f706569116dff6c6bd658;
CVE-2021-44832;https://github.com/apache/logging-log4j2;None:None;False;05db5f9527254632b59aed2a1d78a32c5ab74f16;
CVE-2021-45046;https://github.com/apache/logging-log4j2;None:None;False;27972043b76c9645476f561c5adc483dec6d3f5d;
CVE-2021-45105;https://github.com/apache/logging-log4j2;None:None;False;806023265f8c905b2dd1d81fd2458f64b2ea0b5e;
CVE-2022-2191;https://github.com/eclipse/jetty.project;None:None;False;66de7ba6180e41480af2f4220334b62832586fac;
CVE-2022-22965;https://github.com/spring-projects/spring-framework/;None:None;False;002546b3e4b8d791ea6acccb81eb3168f51abb15;
CVE-2022-42889;https://github.com/apache/commons-text;None:None;False;b9b40b903e2d1f9935039803c9852439576780ea;
